"bloco_pesquisa","marca","linha_modelo","sku_referencia","sku_ref","categoria_subcategoria","configuracao_formato","diametro_espessura","diametro_espessura_unidade","agulhas_pontas","pontas","taper","apresentacao","indicacao_de_aplicacao","indicacao_publicada_ou_uso_tecnico_conservador","indicacao_publicada_ou_cautela","presenca_comercial_no_brasil_especificacao_confirmada","presenca_no_brasil_especificacao","fonte_direta","linha_modelo_publicado","diametro","indicacao_publicada_ou_uso_conservador","diametro_espessura_agulhas_pontas_taper","apresentacao_publicada","configuracao_formato_diametro_espessura","agulhas_pontas_taper","indicacao_publicada_ou_cautela_tecnica","aplicacao_publicada_ou_indicacao_conservadora","especificacao_presenca_no_brasil","qtd_agulhas_pontas","diametro_espessura_quantidade_de_agulhas_pontas_taper","indicacao_do_fabricante_cautela","presenca_comercial_no_brasil_vs_especificacao"
"Cartuchos Cheyenne","Cheyenne","Craft — Liner","CART-818 a CART-822 (distribuidor; SKU individual por variante)","","Cartucho; liner","Round Liner: 3, 5, 7, 9, 13; configurações publicadas pelo distribuidor","#10 / 0,30 mm","","3, 5, 7, 9, 13","","não publicado na página consultada","Caixa estéril de 20; uso único","Linhas; uso usual, confirmar com fabricante","","","","","[Cheyenne Craft][1]; [Painful Pleasures — Craft][2]","","","","","","","","","","","","","",""
"Cartuchos Cheyenne","Cheyenne","Craft — Shader","CART-823 a CART-826","","Cartucho; round shader","Round Shader: 5, 7, 9, 13","#10 / 0,30 mm","","5, 7, 9, 13","","não publicado na página consultada","Caixa estéril de 20; uso único","Sombreamento; uso usual, confirmar com fabricante","","","","","[Painful Pleasures — Craft][2]","","","","","","","","","","","","","",""
"Cartuchos Cheyenne","Cheyenne","Craft — Magnum","CART-827, CART-828, CART-830, CART-832, CART-834","","Cartucho; magnum","Magnum: 5, 7, 9, 13, 17","7M: #10 / 0,30 mm; 5M/9M/13M/17M: #12 / 0,35 mm","","5, 7, 9, 13, 17","","Long Taper (4,5 mm) confirmado para variantes de soft-edge; taper do Magnum comum não publicado na fonte consultada","Caixa de 20","Preenchimento e packing; uso usual, confirmar com fabricante","","","","","[Ultimate — Craft Soft Edge][3]; [Painful Pleasures — Craft][2]","","","","","","","","","","","","","",""
"Cartuchos Cheyenne","Cheyenne","Craft — Magnum Soft Edge / Curved","CART-829, CART-831, CART-833, CART-835, CART-836","","Cartucho; magnum soft edge (curved)","7, 9, 13, 17, 23","7M e 23M: #10 / 0,30 mm; 9M/13M/17M: #12 / 0,35 mm","","7, 9, 13, 17, 23","","Long Taper, 4,5 mm","Caixa estéril de 20","Preenchimento suave e transições; uso usual, confirmar com fabricante","","","","","[Ultimate — Craft Soft Edge][3]; [Painful Pleasures — Craft][2]","","","","","","","","","","","","","",""
"Cartuchos Cheyenne","Cheyenne","Safety — Round Liner / Premium Liner","SKU Cheyenne não publicado nas páginas consultadas; distribuidor usa C20-RL","","Cartucho; liner, inclusive Premium Liner","1RL, 3RL, 5RL, 7RL, 9RL, 11RL, 13RL, 15RL; também variantes Textured, Power e Open Round publicadas em revenda","0,25; 0,30; 0,35; 0,40 mm; 0,20 mm aparece em Capillary, não confirmar para Safety sem ficha específica","","1 a 15 conforme configuração publicada","","Medium Taper, Super Long Taper; Premium Liner com taper mais longo; Textured e Power quando publicados","Caixa estéril individualizada de 20; uso único","Linhas e detalhes; uso usual, confirmar com fabricante","","","","","[Cheyenne Safety][4]; [Nordic — Safety RL][5]","","","","","","","","","","","","","",""
"Cartuchos Cheyenne","Cheyenne","Safety — Round Shader","SKU não publicado","","Cartucho; round shader","Linha Round Shader; configurações individuais e combinações completas não publicadas na página oficial consultada","0,25–0,40 mm é a faixa oficial da família; variante específica deve ser cadastrada só com ficha","","não publicado para o conjunto completo","","não publicado para o conjunto completo","Caixa de 20, estéril, individualizada","Sombreamento; uso usual, confirmar com fabricante","","","","","[Cheyenne Safety][4]; [Nordic — Safety RL][5]","","","","","","","","","","","","","",""
"Cartuchos Cheyenne","Cheyenne","Safety — Magnum","SKU não publicado","","Cartucho; magnum","Magnum padrão; a família oficial cobre de 1 liner até 67 magnum e inclui opções 0,25, 0,30, 0,35 e 0,40 mm","0,25–0,40 mm","","conforme variante; Big Magnum oficial: 33–67","","Diferentes comprimentos publicados pela família; variante individual deve trazer taper da ficha","Caixa de 20, estéril, individualizada","Packing, preenchimento e sombreamento; uso usual, confirmar com fabricante","","","","","[Cheyenne Safety][4]","","","","","","","","","","","","","",""
"Cartuchos Cheyenne","Cheyenne","Safety — Magnum Soft Edge / Curved","SKU não publicado; distribuidor TATSoul lista produto com variantes","","Cartucho; magnum soft edge curved","Curved/Soft Edge; TATSoul publica opções de 7, 9, 11, 13, 15, 17 e 23 em seu filtro/listagem, mas não tratar o filtro como tabela oficial completa","0,25–0,35 mm nas variantes verificadas por distribuidor; 0,40 mm só quando constar da ficha da variante","","conforme opção","","Long Taper aparece em variantes de distribuidor; demais tapers não publicados na fonte consultada","Caixa de 20","Sombreamento suave e transições; uso usual, confirmar com fabricante","","","","","[TATSoul — Cheyenne][6]; [Cheyenne Safety][4]","","","","","","","","","","","","","",""
"Cartuchos Cheyenne","Cheyenne","Safety — Textured Magnum / Textured Soft Edge","SKU não publicado","","Cartucho; magnum texturizado / curved","Textured Magnum e Textured Soft Edge aparecem como linhas comerciais distintas","0,30 e 0,35 mm aparecem em variantes de distribuidor; não generalizar para toda a linha","","conforme variante","","não publicado de modo completo","Caixa de 20","Textura, whip/soft shading; uso usual, confirmar com fabricante","","","","","[TATSoul — Cheyenne][6]; [Cheyenne Safety][4]","","","","","","","","","","","","","",""
"Cartuchos Cheyenne","Cheyenne","Safety — Open Liner","SKU não publicado","","Cartucho; liner especial","Open Liner; opções de 5 e 7 são publicadas para Capillary, enquanto Safety confirma a existência da variação, mas não a matriz completa nesta consulta","não publicado por variante Safety consultada","","não publicado por variante Safety consultada","","não publicado","Caixa de 20 quando comercializada","Linhas abertas/fluxo visual específico; uso usual, confirmar com fabricante","","","","","[Cheyenne Safety][4]","","","","","","","","","","","","","",""
"Cartuchos Cheyenne","Cheyenne","Safety — Power Liner","SKU não publicado","","Cartucho; power liner","Power Liner; variantes 7RL e 9RL em 0,40 mm são publicadas pela Nordic","0,40 mm","","7 e 9","","Super Long Taper","Caixa estéril de 20","Linhas mais encorpadas; uso usual, confirmar com fabricante","","","","","[Nordic — Safety RL][5]","","","","","","","","","","","","","",""
"Cartuchos Cheyenne","Cheyenne","Capillary — Round Liner / Premium Liner","CART-672 (SKU do distribuidor; não é SKU do fabricante)","","Cartucho com reservatório capilar; liner","1RL: 0,20, 0,25, 0,30, 0,35, 0,40; 3RL: 0,25 e 0,30; 5RL: 0,25 e 0,30; 7RL: 0,25 e 0,30; 9RL: 0,30; 11RL: 0,35; 15RL: 0,30","#6 / 0,20; #8 / 0,25; #10 / 0,30; #12 / 0,35; #14 / 0,40 mm","","1, 3, 5, 7, 9, 11, 15","","Super Long Taper, 5,5 mm","Caixa estéril de 20","Linhas precisas e omnidirecionais; fabricante informa até 10× mais fluxo de tinta e distribuição uniforme","","","","","[Cheyenne Capillary][7]; [Ultimate — Capillary RL][8]","","","","","","","","","","","","","",""
"Cartuchos Cheyenne","Cheyenne","Capillary — Open Round Liner","não publicado","","Cartucho com reservatório capilar; open liner","5RL #10 / 0,30; 7RL #12 / 0,35; variantes publicadas pela Ultimate","0,30 e 0,35 mm","","5 e 7","","Super Long Taper, 5,5 mm","Caixa de 20","Linhas abertas; uso usual, confirmar com fabricante","","","","","[Ultimate — Capillary RL][8]","","","","","","","","","","","","","",""
"Cartuchos Cheyenne","Cheyenne","Capillary — Power Open Round Liner","não publicado","","Cartucho com reservatório capilar; power/open liner","9RL, 15RL e 21RL; #14 / 0,40 mm","0,40 mm","","9, 15, 21","","Super Long Taper, 5,5 mm","Caixa de 20","Linhas largas/encorpadas; uso usual, confirmar com fabricante","","","","","[Ultimate — Capillary RL][8]","","","","","","","","","","","","","",""
"Cartuchos Cheyenne","Cheyenne","Capillary — Magnum","não publicado","","Cartucho com reservatório capilar; magnum","Magnum; a fonte comercial consultada identifica a família, mas não expõe matriz completa de variantes","0,35 mm confirmado em listagem TATSoul para Magnum Soft Edge; demais diâmetros não publicados nesta consulta","","não publicado","","não publicado","Caixa de 20","Preenchimento; uso usual, confirmar com fabricante","","","","","[Cheyenne Capillary][7]; [TATSoul — Cheyenne][6]","","","","","","","","","","","","","",""
"Cartuchos Cheyenne","Cheyenne","Capillary — Magnum Soft Edge / Curved","não publicado","","Cartucho com reservatório capilar; curved magnum","Magnum Soft Edge 0,35 mm aparece como produto; a listagem comercial mostra 5 variantes, sem autorizar inferir todas as combinações","0,35 mm confirmado para o produto consultado","","não publicado na página extraída","","não publicado na página extraída","Caixa de 20","Preenchimento suave e transições; fabricante destaca distribuição uniforme mesmo em magnums","","","","","[TATSoul — Capillary Soft Edge][9]; [Cheyenne Capillary][7]","","","","","","","","","","","","","",""
"Cartuchos Cheyenne","Cheyenne","Capillary — Textured Liner","não publicado","","Cartucho com reservatório capilar; liner texturizado","Textured Liner 0,30 mm aparece em listagem de distribuidor","0,30 mm","","7 (listagem TATSoul)","","não publicado","Caixa de 20","Linhas com textura; uso usual, confirmar com fabricante","","","","","[TATSoul — Capillary Liner][10]; [Cheyenne Capillary][7]","","","","","","","","","","","","","",""
"Cartuchos Kwadron","Kwadron","","KC-35-3RLLT","","Cartucho / RL","3RL, circular","","","3","","Long","Caixa; distribuidor TATSoul publica a variante","","","","","","[1]","Cartridge System — Round Liner","0,35 mm (#12)","Linhas e contornos precisos; indicação técnica da família RL também descrita por distribuidor","","","","","","","","","","",""
"Cartuchos Kwadron","Kwadron","","não publicado na página oficial consultada","","Cartucho / RL","1RL, 3RL, 5RL etc.; cadastrar apenas combinações exibidas no SKU/embalagem","","","variável","","Long ou Medium","1 pc e BOX aparecem no catálogo oficial","","","","","","[2] [3]","Cartridge System — Round Liner","0,25 / 0,30 / 0,35 mm quando publicados","Contorno/detalhe; confirmação da combinação deve ser feita pela ficha do SKU","","","","","","","","","","",""
"Cartuchos Kwadron","Kwadron","","não publicado","","Cartucho / RS","3RS; outras quantidades somente quando constarem do SKU","","","variável","","Long ou Medium","1 pc e BOX","","","","","","[2] [4]","Cartridge System — Round Shader","0,30 mm (#10) ou 0,35 mm (#12), conforme variante publicada","Preenchimento e sombreado; a fonte Nuclear descreve RS para preencher/sombrear após o contorno","","","","","","","","","","",""
"Cartuchos Kwadron","Kwadron","","não publicado","","Cartucho / liner texturizado","5RLLTx3 (código publicado literalmente)","","","5","","não publicado no título consultado","1 pc; a loja oficial também possui BOX","","","","","","[2]","Cartridge System — Whip Shading","0,30 mm","Whip shading; uso em sombreado de arrasto, confirmar com fabricante","","","","","","","","","","",""
"Cartuchos Kwadron","Kwadron","","não publicado","","Cartucho / M1","5M1, 7M1, 9M1, 11M1, 13M1, 15M1 etc. somente conforme variante publicada","","","variável","","Long ou Medium","1 pc e BOX","","","","","","[1] [4]","Cartridge System — Magnum","0,30 mm (#10) ou 0,35 mm (#12)","Sombreamento/preenchimento de áreas amplas; descrição direta da Nuclear","","","","","","","","","","",""
"Cartuchos Kwadron","Kwadron","","não publicado","","Cartucho / magnum curva","5SEMLT, 9SEMLT, 15SEMLT são referências publicadas; não completar demais combinações","","","5, 9, 15 nas referências localizadas","","Long","1 pc e BOX","","","","","","[2] [5]","Cartridge System — Soft Edge Magnum (SEM)","0,30 ou 0,35 mm","Transições suaves, preenchimento e sombreado; a família é apresentada pela marca como Soft Edge Magnum","","","","","","","","","","",""
"Cartuchos Kwadron","Kwadron","","não publicado","","Cartucho / CM","variantes de 5 a 49 pontas aparecem no distribuidor; registrar somente SKU individual","","","variável; 5–49 no filtro do distribuidor, não como tabela oficial completa","","Long ou Medium","caixa; Ultimate informa 20 unidades e 16 unidades para tamanhos 39 e 49","","","","","","[1] [4]","Cartridge System — Curved Magnum","0,25 / 0,30 / 0,35 mm","Haze, degradê, realismo e fundos suaves; descrição direta da Nuclear","","","","","","","","","","",""
"Cartuchos Kwadron","Kwadron","","não publicado","","Cartucho / magnum especial","Combat Mag Shaders; a variante 10 aparece em distribuidor","","","não publicado na página resumida","","Long","caixa; SKU e quantidade não publicados na página consultada","","","","","","[1] [2]","Cartridge System — Combat Magnum","0,30 mm (#10)","uso usual para preenchimento/sombreado, confirmar com fabricante","","","","","","","","","","",""
"Cartuchos Kwadron","Kwadron","","não publicado","","Cartucho / linha Sublime","Sublime Curved Mag, Sublime Mag e Sublime Bugpin Mag; 5/9/15 SEMLT e outras variantes são listadas em páginas de produto","","","variável","","Long","1 pc e BOX","","","","","","[2] [3]","Cartridge System — Sublime","0,25 / 0,30 / 0,35 mm, conforme variante","aplicação depende da configuração RL/RS/M/SEM; não presumir equivalência entre Sublime e Standard","","","","","","","","","","",""
"Cartuchos Kwadron","Kwadron","","não publicado","","Cartucho / bugpin","Bugpin RL, Bugpin Curved Mag e Bugpin Mag","","","variável","","Long","caixa","","","","","","[1] [3]","Cartridge System — Bugpin","0,25 mm (#8) ou 0,30 mm (#10) nas ofertas consultadas","detalhe, gradientes e texturas finas; uso usual, confirmar com fabricante","","","","","","","","","","",""
"Cartuchos Kwadron","Kwadron","","não publicado","","Cartucho / RL ou shader texturizado","Textured Round Liner; distribuidor reconhecido lista 5 variantes","","","variável","","Long","caixa","","","","","","[1] [3]","Cartridge System — Textured","não publicado por SKU na página resumida; filtros gerais: 0,25/0,30/0,35 mm","textura/whip shading; uso usual, confirmar com fabricante","","","","","","","","","","",""
"Cartuchos Kwadron","Kwadron","","não publicado","","Cartucho / RL Hybrid","Hybrid Round Liner; página oficial publica ao menos 0,30 mm","","","não publicado","","não publicado","1 pc; BOX existe como subcategoria oficial","","","","","","[2] [6]","Hybrid System — Round Liner","0,30 mm publicado; demais diâmetros não publicados nesta consulta","linhas precisas; a marca descreve estabilização aprimorada e carcaça plástica médica","","","","","","","","","","",""
"Cartuchos Kwadron","Kwadron","","não publicado","","Cartucho / RS Hybrid","Hybrid Round Shader","","","não publicado","","não publicado","1 pc; BOX existe como subcategoria oficial","","","","","","[2] [7]","Hybrid System — Round Shader","0,30 e 0,35 mm têm páginas oficiais localizadas","preenchimento/sombreado; confirmação da configuração do SKU é necessária","","","","","","","","","","",""
"Cartuchos EZ Tattoo, WJX, Mast e Dragonhawk — mercado brasileiro","EZ Tattoo","Revolution Round Liner","R0C03RL (SKU exibido na página)","","Cartucho; Round Liner","RL; opções Long Taper, Medium Taper, Super Tight X-Taper, Textured Super Tight X-Taper, Pure Round Tip e Extra Long Taper","","","","3, 5, 7, 9, 11, 14; também 4, 8 e 18 em combinações exibidas","Publicado como nomes de variação; comprimento em mm não publicado nesta ficha","Caixa com 20 cartuchos; aço inoxidável 304 grau médico, ponta plástica grau médico e esterilização EO conforme ficha oficial EZ","","","","Loja oficial internacional; não confirma distribuição brasileira na ficha. Presença brasileira localizada em perfil “EZ Tattooing Brasil”, sem especificação técnica adicional confirmada","","EZ Tattoo Supply — Revolution Round Liner","","0,25 mm (#8), 0,30 mm (#10), 0,35 mm (#12), 0,40 mm (#14)","RL para linhas e detalhes; aplicação conservadora — uso usual, confirmar com fabricante para cada combinação","","","","","","","","","","",""
"Cartuchos EZ Tattoo, WJX, Mast e Dragonhawk — mercado brasileiro","EZ Tattoo","Revolution — famílias de configuração","não publicado","","Cartucho; catálogo de agulhas","Round Liner, Round Shader, Magnum/Curved Magnum, Flat e outras variações da linha Revolution","","","","não publicado por família","não publicado","A página oficial informa mais de 100 configurações; apresentação individual depende da ficha","","","","Linha confirmada no fabricante; presença comercial brasileira não comprovada por distribuidor oficial na pesquisa","","EZ Tattoo Supply — Cartridge Needles","","não publicado por família nesta página","uso usual, confirmar com fabricante","","","","","","","","","","",""
"Cartuchos EZ Tattoo, WJX, Mast e Dragonhawk — mercado brasileiro","WJX","Ultimate Professional — Round Liner","não publicado","","Cartucho; RL","Round Liner; a loja oficial publica versões 0,30 mm e 0,35 mm com taper de 5 mm","","","","Quantidade não publicada nas fichas resumidas consultadas","5 mm","Caixa de 20 quando indicado na ficha; versão RL do site WJX sem embalagem detalhada","","","","Site oficial WJX; presença brasileira indicada por WJX Brasil e revendedores, mas certificação e SKU local devem ser validados no cadastro","","WJX Tattoo — catálogo oficial","","0,30 mm e 0,35 mm","Traço/linha; uso usual, confirmar com fabricante","","","","","","","","","","",""
"Cartuchos EZ Tattoo, WJX, Mast e Dragonhawk — mercado brasileiro","WJX","Ultimate Professional — Round Shader","não publicado","","Cartucho; RS","Round Shader","","","","não publicado","3,5 mm publicado para a ficha RS localizada","Caixa com 20","","","","Linha confirmada no site oficial; presença brasileira localizada em WJX Brasil","","WJX Tattoo — catálogo oficial","","0,30 mm e 0,35 mm","Sombreamento compacto; uso usual, confirmar com fabricante","","","","","","","","","","",""
"Cartuchos EZ Tattoo, WJX, Mast e Dragonhawk — mercado brasileiro","WJX","Ultimate — Curved Magnum RM-2","não publicado","","Cartucho; Curved Magnum","RM-2","","","","2 (código RM-2; o número representa a configuração publicada)","3,5 mm","Caixa com 20","","","","Confirmada na loja oficial Dragonhawk; presença brasileira comercial localizada, especificação local não confirmada","","Dragonhawk Official — WJX Ultimate RM-2","","0,30 mm","Preenchimento/sombreamento; uso usual, confirmar com fabricante","","","","","","","","","","",""
"Cartuchos EZ Tattoo, WJX, Mast e Dragonhawk — mercado brasileiro","WJX","Ultimate — kit misto","não publicado","","Cartucho; sortido","0403RL, 0803RL, 1003RL, 1005RL, 1203RL, 1205RL, 1207RS, 1207RM, 1209RM, 1211RM","","","","indicado pelos códigos; não converter para tabela de diâmetros sem confirmação","não publicado","Kit misto com 50 cartuchos","","","","Produto publicado pelo fabricante WJX; disponibilidade brasileira depende do importador","","WJX Tattoo — kit misto Ultimate","","parcialmente inferível pelos códigos, mas não repetir sem ficha dimensional específica","uso usual, confirmar com fabricante","","","","","","","","","","",""
"Cartuchos EZ Tattoo, WJX, Mast e Dragonhawk — mercado brasileiro","Mast","Mast Pro","não publicado","","Cartucho; linhas e shaders","Round Liner, Round Shader, Magnum/Curved Magnum e Flat; catálogo oficial brasileiro confirma a linha","","","","varia por referência; não consolidar sem SKU individual","não publicado na página Mast Brasil; fichas Dragonhawk publicam 5 mm em algumas magnums","Usualmente caixa de 20 nas fichas de produto; confirmar por SKU","","","","Presença brasileira confirmada no site Mast Brasil e loja Prodigy; especificações variam por SKU","","Mast Brasil — Produtos","","não publicado na página Mast Brasil; distribuidores reconhecidos listam 0,18, 0,30 e 0,35 mm em modelos específicos","A Mast Brasil descreve aço cirúrgico 316L e fluxo contínuo; aplicação por configuração — confirmar com fabricante","","","","","","","","","","",""
"Cartuchos EZ Tattoo, WJX, Mast e Dragonhawk — mercado brasileiro","Mast","Ocean Heart","código exibido 78987402597; configurações 1001RL e 1003RL","","Cartucho; Round Liner para fineline/PMU","RL, formato cônico fino e alongado","","","","1 e 3","5,0 mm","Caixa com 20 unidades","","","","Presença brasileira confirmada pela Mast Brasil e Prodigy Company; ficha publica registro Anvisa 81652919055","","Prodigy Company Store — Ocean Heart RL 0,30 mm","","0,30 mm na ficha; página oferece 1001RL e 1003RL","Fabricante/distribuidor descreve fineline e micropigmentação; precisão e visualização; uso conforme protocolo profissional","","","","","","","","","","",""
"Cartuchos EZ Tattoo, WJX, Mast e Dragonhawk — mercado brasileiro","Mast","Hyperink","não publicado","","Cartucho; linha Mast","Configurações não publicadas na fonte consultada","","","","não publicado","não publicado","Caixa de 20 indicada no catálogo Dragonhawk","","","","Linha publicada na loja oficial Dragonhawk; presença brasileira não confirmada na pesquisa","","Dragonhawk Official — Mast cartridges","","não publicado","uso usual, confirmar com fabricante","","","","","","","","","","",""
"Cartuchos EZ Tattoo, WJX, Mast e Dragonhawk — mercado brasileiro","Mast","Cyber","não publicado","","Cartucho; linha Mast Cyber","Configurações não publicadas na fonte consultada","","","","não publicado","não publicado","apresentação não publicada","","","","Linha publicada na loja oficial Dragonhawk; presença brasileira não confirmada","","Dragonhawk Official — Mast Cyber","","não publicado","uso usual, confirmar com fabricante","","","","","","","","","","",""
"Cartuchos EZ Tattoo, WJX, Mast e Dragonhawk — mercado brasileiro","Dragonhawk","Dragonhawk Cartridges","não publicado","","Cartucho; linha própria","Catálogo oficial separa Dragonhawk Cartridges, DragonhawkLabs, Glide, Finger Ledge, Extreme e Arenahawk","","","","não publicado por família","não publicado por família","varia por SKU","","","","Linha e categorias confirmadas na loja oficial Dragonhawk; presença comercial brasileira localizada em revendedor, mas não equivale a distribuição oficial","","Dragonhawk Official — Tattoo Needles","","não publicado por família na página de categoria","uso usual, confirmar com fabricante; não atribuir aplicação sem ficha individual","","","","","","","","","","",""
"Cartuchos EZ Tattoo, WJX, Mast e Dragonhawk — mercado brasileiro","Dragonhawk","DragonhawkLabs assorted","não publicado","","Cartucho; kit misto","1RL, 3RL, 5RL, 7RM e 9RM; a ficha de marketplace reconhecido informa 5 tamanhos × 10 unidades","","","","1, 3, 5, 7, 9 conforme códigos","não publicado","50 cartuchos (5 × 10)","","","","Produto comercializado internacionalmente; presença brasileira não confirmada por fonte oficial","","Amazon — DragonhawkLabs 50 pcs","","0,30 mm (#10) na ficha publicada","RL para contorno e RM para sombreamento; uso usual, confirmar com fabricante","","","","","","","","","","",""
"Cartuchos EZ Tattoo, WJX, Mast e Dragonhawk — mercado brasileiro","Dragonhawk","Extreme","não publicado","","Cartucho; linha própria","Categoria publicada; ficha consultada menciona Magnum 0,35 mm","","","","não publicado","não publicado","Caixa de 20 na listagem localizada","","","","Linha confirmada na loja oficial; presença brasileira não confirmada","","Dragonhawk Official — Extreme cartridges","","0,35 mm na listagem localizada","uso usual, confirmar com fabricante","","","","","","","","","","",""
"Tintas nacionais — Electric Ink e Iron Works Brasil","Electric Ink","Electric Ink — Diluente","não publicado","","Tinta para tatuagem / diluente","Líquido; cor não aplicável","","","","","","","diluição; uso usual, confirmar com fabricante","","","","","1","","","","não aplicável","volume não publicado na página da categoria","","","","","","","","",""
"Tintas nacionais — Electric Ink e Iron Works Brasil","Electric Ink","Electric Ink — Preto Linha","não publicado na página da categoria","","Tinta para tatuagem / preto","Pigmento líquido","","","","","","","traços/linhas; a página da categoria informa uso para traços, sombreados e preenchimentos","","","","","1","","","","não publicado","tamanho não publicado na página da categoria","","","","","","","","",""
"Tintas nacionais — Electric Ink e Iron Works Brasil","Electric Ink","Electric Ink — Branco Real","não publicado","","Tinta para tatuagem / branco","Pigmento","","","","","","","aplicação profissional; uso usual, confirmar com fabricante","","","","","1","","","","não publicado","tamanho não publicado","","","","","","","","",""
"Tintas nacionais — Electric Ink e Iron Works Brasil","Electric Ink","Electric Ink — Vermelho Bombeiro","não publicado","","Tinta para tatuagem / vermelho","Pigmento","","","","","","","aplicação profissional; uso usual, confirmar com fabricante","","","","","1","","","","não publicado","tamanho não publicado","","","","","","","","",""
"Tintas nacionais — Electric Ink e Iron Works Brasil","Electric Ink","Electric Ink — Vermelho Ferrari","não publicado","","Tinta para tatuagem / vermelho","Pigmento","","","","","","","aplicação profissional; uso usual, confirmar com fabricante","","","","","1","","","","não publicado","tamanho não publicado","","","","","","","","",""
"Tintas nacionais — Electric Ink e Iron Works Brasil","Electric Ink","Electric Ink — Preto Tribal","não publicado","","Tinta para tatuagem / preto","Pigmento","","","","","","","preenchimento/tribal; uso usual, confirmar com fabricante","","","","","1","","","","não publicado","tamanho não publicado","","","","","","","","",""
"Tintas nacionais — Electric Ink e Iron Works Brasil","Electric Ink","Electric Ink — Amarelo Ouro","não publicado","","Tinta para tatuagem / amarelo","Pigmento","","","","","","","aplicação profissional; uso usual, confirmar com fabricante","","","","","1","","","","não publicado","tamanho não publicado","","","","","","","","",""
"Tintas nacionais — Electric Ink e Iron Works Brasil","Electric Ink","Electric Ink — Vermelho Cereja","não publicado","","Tinta para tatuagem / vermelho","Pigmento","","","","","","","aplicação profissional; uso usual, confirmar com fabricante","","","","","1","","","","não publicado","tamanho não publicado","","","","","","","","",""
"Tintas nacionais — Electric Ink e Iron Works Brasil","Electric Ink","Electric Ink — Cinza Naval","PA02EI02113","","Tinta para tatuagem / cinza","Pigmento","","","","","","","fácil aplicação e rápida cicatrização; aplicação profissional","","","","","2","","","","não publicado","tamanho não publicado na ficha consultada","","","","","","","","",""
"Tintas nacionais — Electric Ink e Iron Works Brasil","Easy Glow (Electric Ink)","Easy Glow — Raven Black EG","não publicado na página de categoria","","Tinta para tatuagem / preto","Linha fluida; pigmento","","","","","","","linhas, sombreados e preenchimentos; fórmula fluida, aplicação suave e precisa; indicação do fabricante","","","","","3","","","","não publicado","1,5 ml; 15 ml; 30 ml; 60 ml; 120 ml; 240 ml e Sets, conforme página da linha","","","","","","","","",""
"Tintas nacionais — Electric Ink e Iron Works Brasil","Easy Glow (Electric Ink)","Easy Glow — Ghost White EG","não publicado","","Tinta para tatuagem / branco","Linha fluida; pigmento","","","","","","","aplicação suave e precisa; indicação do fabricante","","","","","3","","","","não publicado","1,5 ml; 15 ml; 30 ml; 60 ml; 120 ml; 240 ml e Sets","","","","","","","","",""
"Tintas nacionais — Electric Ink e Iron Works Brasil","Easy Glow (Electric Ink)","Easy Glow — Raven Black Fineline EG","não publicado","","Tinta para tatuagem / preto","Linha fluida; variante Fineline","","","","","","","linhas finas; uso usual, confirmar com fabricante","","","","","3","","","","não publicado","1,5 ml; 15 ml; 30 ml; 60 ml; 120 ml; 240 ml e Sets","","","","","","","","",""
"Tintas nacionais — Electric Ink e Iron Works Brasil","Easy Glow (Electric Ink)","Easy Glow — Ultra Liner Black EG","PA02EG00124","","Tinta para tatuagem / preto para linha","Linha fluida; pigmento","","","","","","","indicada para linhas; o fabricante descreve fórmula fluida, sem grandes diluições, boa cobertura e esterilização por raios gama","","","","","4","","","","não publicado","tamanho selecionável não exposto no texto extraído; a linha publica 1,5/15/30/60/120/240 ml e Sets","","","","","","","","",""
"Tintas nacionais — Electric Ink e Iron Works Brasil","Easy Glow (Electric Ink)","Easy Glow — Red EG","não publicado","","Tinta para tatuagem / vermelho","Linha fluida; pigmento","","","","","","","aplicação profissional; uso usual, confirmar com fabricante","","","","","3","","","","não publicado","1,5 ml; 15 ml; 30 ml; 60 ml; 120 ml; 240 ml e Sets","","","","","","","","",""
"Tintas nacionais — Electric Ink e Iron Works Brasil","Easy Glow (Electric Ink)","Easy Glow — Canary Yellow EG","não publicado","","Tinta para tatuagem / amarelo","Linha fluida; pigmento","","","","","","","aplicação profissional; uso usual, confirmar com fabricante","","","","","3","","","","não publicado","1,5 ml; 15 ml; 30 ml; 60 ml; 120 ml; 240 ml e Sets","","","","","","","","",""
"Tintas nacionais — Electric Ink e Iron Works Brasil","Easy Glow (Electric Ink)","Easy Glow — Old School Blue EG","não publicado","","Tinta para tatuagem / azul","Linha fluida; pigmento","","","","","","","aplicação profissional; uso usual, confirmar com fabricante","","","","","3","","","","não publicado","1,5 ml; 15 ml; 30 ml; 60 ml; 120 ml; 240 ml e Sets","","","","","","","","",""
"Tintas nacionais — Electric Ink e Iron Works Brasil","Easy Glow (Electric Ink)","Easy Glow — Orange EG","não publicado","","Tinta para tatuagem / laranja","Linha fluida; pigmento","","","","","","","aplicação profissional; uso usual, confirmar com fabricante","","","","","3","","","","não publicado","1,5 ml; 15 ml; 30 ml; 60 ml; 120 ml; 240 ml e Sets","","","","","","","","",""
"Tintas nacionais — Electric Ink e Iron Works Brasil","Iron Works Brasil","Tintas para Tatuagem — cores do catálogo oficial, referências 0011 Branco; 003 Amarelo Claro; 0065 Creme; 0066 Banana; 002 Amarelo Canário; 0054 Areia; 0024 Ocre; 005 Amarelo Ouro; 0064 Bronze; 0068 Mostarda; 0078 Marrom Claro; 0070 Pele Claro; 0025 Papaya","refs conforme nomes ao lado","","Tinta para tatuagem / cores","Pigmento líquido; frasco","","","","","","","uso conforme cor e estilo; uso usual, confirmar com fabricante","","","","","5 6","","","","não publicado","15 ml; 30 ml; 120 ml, conforme página oficial da linha","","","","","","","","",""
"Tintas nacionais — Electric Ink e Iron Works Brasil","Iron Works Brasil","Tintas para Tatuagem — Coral Claro (0062); Coral Médio (0063); Coral (0061); Laranja (0018); Abóbora (001); Ferrugem Claro (0017); Ferrugem (0016); Bege Claro (0059); Bege (0010); Pankak (0069); Marrom Terra (0022); Marrom Escuro (0041); Chocolate (0023)","refs conforme nomes ao lado","","Tinta para tatuagem / laranjas, marrons e tons de pele","Pigmento líquido; frasco","","","","","","","uso usual, confirmar com fabricante","","","","","5 6","","","","não publicado","15 ml; 30 ml; 120 ml","","","","","","","","",""
"Tintas nacionais — Electric Ink e Iron Works Brasil","Iron Works Brasil","Tintas para Tatuagem — Chocolate Escuro (0015); Pele (0026); Salmão Claro (0036); Salmão (0035); Salmão Escuro (0037); Terra Cota (0042); Rosa Claro (0032); Rosa (0031); Vermelho Claro (0052); Vermelho (0051); Vermelho Escuro (0053); Vermelho Terra (0056)","refs conforme nomes ao lado","","Tinta para tatuagem / tons de pele, rosas e vermelhos","Pigmento líquido; frasco","","","","","","","uso usual, confirmar com fabricante","","","","","5 6","","","","não publicado","15 ml; 30 ml; 120 ml","","","","","","","","",""
"Tintas nacionais — Electric Ink e Iron Works Brasil","Iron Works Brasil","Tintas para Tatuagem — Verde Claro (0046); Verde Água (0045); Amarelo Esverdeado (004); Verde Limão (0049); Verde Folha (0048); Verde Turquesa (0044); Verde Metálico (0043); Verde Oliva (0067); Verde Escuro (0050); Azul Claro (0047)","refs conforme nomes ao lado","","Tinta para tatuagem / verdes e azul","Pigmento líquido; frasco","","","","","","","uso usual, confirmar com fabricante","","","","","5 6","","","","não publicado","15 ml; 30 ml; 120 ml","","","","","","","","",""
"Tintas nacionais — Electric Ink e Iron Works Brasil","Iron Works Brasil","Tintas para Tatuagem — Azul (006); Azul Royal (009); Azul Metálico (0057); Azul Escuro (008); Lilás Claro (0020); Lilás (0019); Roxo (0033); Roxo Escuro (0034); Magenta (0021); Púrpura (0030)","refs conforme nomes ao lado","","Tinta para tatuagem / azuis, lilases, roxos e magenta","Pigmento líquido; frasco","","","","","","","uso usual, confirmar com fabricante","","","","","5 6","","","","não publicado","15 ml; 30 ml; 120 ml","","","","","","","","",""
"Tintas nacionais — Electric Ink e Iron Works Brasil","Iron Works Brasil","Tintas para Tatuagem — Sumie 10% (0071); 20% (0072); 30% (0038); 40% (0073); 50% (0039); 60% (0074); 70% (0075); 80% (0040); 90% (0076); 100% (0077)","refs conforme nomes ao lado","","Tinta para tatuagem / sumie","Pigmento pré-diluído em graduações publicadas","","","","","","","sombreamento/sumie; uso usual, confirmar com fabricante","","","","","5 6","","","","não publicado","15 ml; 30 ml; 120 ml","","","","","","","","",""
"Tintas nacionais — Electric Ink e Iron Works Brasil","Iron Works Brasil","Tintas para Tatuagem — Cinza Claro (0055); Cinza (0012); Cinza Escuro (0013)","refs conforme nomes ao lado","","Tinta para tatuagem / cinzas","Pigmento líquido; frasco","","","","","","","uso usual, confirmar com fabricante","","","","","5 6","","","","não publicado","15 ml; 30 ml; 120 ml","","","","","","","","",""
"Tintas nacionais — Electric Ink e Iron Works Brasil","Iron Works Brasil","Preto Linha (0027)","0027","","Tinta para tatuagem / preto para linha","Formulação líquida","","","","","","","linhas, sombras, preenchimento e base para diluição em Sumie; indicação do catálogo oficial","","","","","5","","","","não publicado","15 ml; 30 ml; 120 ml","","","","","","","","",""
"Tintas nacionais — Electric Ink e Iron Works Brasil","Iron Works Brasil","Preto Onix (0060)","0060","","Tinta para tatuagem / preto","Alta carga pigmentária","","","","","","","linhas, traços, preenchimento e sombras; indicação do catálogo oficial","","","","","5","","","","não publicado","15 ml; 30 ml; 120 ml","","","","","","","","",""
"Tintas nacionais — Electric Ink e Iron Works Brasil","Iron Works Brasil","Preto Escuro (0028)","0028","","Tinta para tatuagem / preto","Formulação mais consistente; alta concentração de pigmento","","","","","","","preenchimentos, tribais e sombras; não recomendado pelo fabricante para traço/linha","","","","","5","","","","não publicado","15 ml; 30 ml; 120 ml","","","","","","","","",""
"Tintas nacionais — Electric Ink e Iron Works Brasil","Iron Works Brasil","Preto Escuro XXX (0029)","0029","","Tinta para tatuagem / preto","Mistura de 3 cores; alta concentração; mais consistente que Preto Escuro","","","","","","","realismo e preenchimento; pode ser diluído para sombra; não recomendado para traço/linha","","","","","5","","","","não publicado","15 ml; 30 ml; 120 ml","","","","","","","","",""
"Tintas importadas","StarBrite","Brite White Tattoo Ink","não publicado","","Tinta; branco/opaco","Tinta pré-dispersa, frasco","","","","","","","Branco para tatuagem; uso usual, confirmar com fabricante","","","","A marca declara distribuidores mundiais; presença brasileira não confirmada na fonte oficial [1]","","","","","não aplicável","tamanho não publicado na página consultada; preço “a partir de”","","","","","","","","",""
"Tintas importadas","StarBrite","Black Outliner Tattoo Ink","não publicado","","Tinta; preto para linha","Tinta pré-dispersa, frasco","","","","","","","Contorno/linha — uso usual, confirmar com fabricante","","","","Especificação confirmada no catálogo oficial; presença comercial brasileira não confirmada [1]","","","","","não aplicável","tamanho não publicado na página consultada","","","","","","","","",""
"Tintas importadas","StarBrite","Canary Yellow Tattoo Ink","não publicado","","Tinta; amarelo","Tinta pré-dispersa, frasco","","","","","","","Cor amarela — uso usual, confirmar com fabricante","","","","Especificação confirmada no catálogo oficial; presença comercial brasileira não confirmada [1]","","","","","não aplicável","tamanho não publicado na página consultada","","","","","","","","",""
"Tintas importadas","StarBrite","Crimson Red Tattoo Ink","não publicado","","Tinta; vermelho","Tinta pré-dispersa, frasco","","","","","","","Cor vermelha — uso usual, confirmar com fabricante","","","","Especificação confirmada no catálogo oficial; presença comercial brasileira não confirmada [1]","","","","","não aplicável","tamanho não publicado na página consultada","","","","","","","","",""
"Tintas importadas","StarBrite","Lunar Graywash Set Tattoo Ink","não publicado","","Tinta; conjunto graywash","Conjunto de tons pré-misturados","","","","","","","Sombreamento graywash — uso usual, confirmar com fabricante","","","","Linha/conjunto confirmado oficialmente; presença brasileira não confirmada [1]","","","","","não aplicável","conjunto; quantidade de frascos e volume não publicados na página inicial","","","","","","","","",""
"Tintas importadas","StarBrite","Floral Series Tattoo Ink","não publicado","","Tinta; série temática","Conjunto/série de cores","","","","","","","Paleta floral — uso usual, confirmar com fabricante","","","","Linha confirmada oficialmente; presença brasileira não confirmada [1]","","","","","não aplicável","conjunto; volume e número de cores não publicados na página inicial","","","","","","","","",""
"Tintas importadas","StarBrite","Undertone Series Tattoo Ink","não publicado","","Tinta; série de tons","Conjunto/série de cores","","","","","","","Tons de base/undertone — uso usual, confirmar com fabricante","","","","Linha confirmada oficialmente; presença brasileira não confirmada [1]","","","","","não aplicável","conjunto; volume e número de cores não publicados na página inicial","","","","","","","","",""
"Tintas importadas","StarBrite","Master Collection Tattoo Inks","não publicado","","Tinta; kit/coleção","Coleção de tintas","","","","","","","Paleta geral — uso usual, confirmar com fabricante","","","","Kit confirmado oficialmente; presença brasileira não confirmada [1]","","","","","não aplicável","kit; quantidade de cores e volumes não publicados na página inicial","","","","","","","","",""
"Tintas importadas","StarBrite","Primary Color Set Tattoo Ink","não publicado","","Tinta; kit de cores primárias","Conjunto","","","","","","","Cores primárias — uso usual, confirmar com fabricante","","","","Há sinal de oferta ao Brasil em marketplace internacional, mas isso não equivale a distribuidor autorizado; validar importador, lote e regularização [1] [2]","","","","","não aplicável","conjunto; volume por frasco não publicado na página inicial","","","","","","","","",""
"Tintas importadas","Dynamic","Dynamic Tattoo Ink Black","não publicado","","Tinta; preto","Tinta líquida, frasco","","","","","","","Preto para tatuagem — uso usual, confirmar com fabricante","","","","Fabricante lista distribuidores no Brasil: Get Inked Supply e Tribo do Sol; especificação do produto confirmada no site oficial [3] [4]","","","","","não aplicável","volume não explicitado na listagem resumida; preço “a partir de”","","","","","","","","",""
"Tintas importadas","Dynamic","Dynamic Tattoo Ink Triple Black","não publicado","","Tinta; preto de alta carga","Tinta líquida, frasco","","","","","","","Preto intenso/packing — uso usual, confirmar com fabricante","","","","Presença comercial brasileira indicada pela lista oficial de distribuidores; confirmar estoque e autorização do revendedor [3] [4]","","","","","não aplicável","volume não explicitado na listagem resumida; preço “a partir de”","","","","","","","","",""
"Tintas importadas","Dynamic","Dynamic White Tattoo Ink","não publicado","","Tinta; branco","Tinta líquida, frasco","","","","","","","Branco/highlight — uso usual, confirmar com fabricante","","","","Presença comercial brasileira indicada pela lista oficial de distribuidores; confirmar estoque e lote [3] [4]","","","","","não aplicável","volume não explicitado na listagem resumida; preço “a partir de”","","","","","","","","",""
"Tintas importadas","Dynamic","Dynamic Triple White Tattoo Ink","não publicado","","Tinta; branco de alta opacidade","Tinta líquida, frasco","","","","","","","Branco mais opaco — uso usual, confirmar com fabricante","","","","Presença comercial brasileira indicada pela lista oficial de distribuidores; confirmar estoque e lote [3] [4]","","","","","não aplicável","volume não explicitado na listagem resumida; preço “a partir de”","","","","","","","","",""
"Tintas importadas","Dynamic","Dynamic Tattoo Ink Fire Red","não publicado","","Tinta; vermelho","Tinta líquida, frasco","","","","","","","Cor vermelha — uso usual, confirmar com fabricante","","","","Presença comercial brasileira indicada pela lista oficial de distribuidores [3] [4]","","","","","não aplicável","volume não explicitado na listagem resumida; preço “a partir de”","","","","","","","","",""
"Tintas importadas","Dynamic","Dynamic Tattoo Ink Canary Yellow","não publicado","","Tinta; amarelo","Tinta líquida, frasco","","","","","","","Cor amarela — uso usual, confirmar com fabricante","","","","Presença comercial brasileira indicada pela lista oficial de distribuidores [3] [4]","","","","","não aplicável","volume não explicitado na listagem resumida; preço “a partir de”","","","","","","","","",""
"Tintas importadas","Dynamic","Dynamic Tattoo Ink Electric Blue","não publicado","","Tinta; azul","Tinta líquida, frasco","","","","","","","Cor azul — uso usual, confirmar com fabricante","","","","Presença comercial brasileira indicada pela lista oficial de distribuidores [3] [4]","","","","","não aplicável","volume não explicitado na listagem resumida; preço “a partir de”","","","","","","","","",""
"Tintas importadas","Dynamic","Dynamic Tattoo Ink Leaf Green","não publicado","","Tinta; verde","Tinta líquida, frasco","","","","","","","Cor verde — uso usual, confirmar com fabricante","","","","Presença comercial brasileira indicada pela lista oficial de distribuidores [3] [4]","","","","","não aplicável","volume não explicitado na listagem resumida; preço “a partir de”","","","","","","","","",""
"Tintas importadas","Dynamic","Dynamic Tattoo Ink Lime Green","não publicado","","Tinta; verde-limão","Tinta líquida, frasco","","","","","","","Cor verde-limão — uso usual, confirmar com fabricante","","","","Presença comercial brasileira indicada pela lista oficial de distribuidores [3] [4]","","","","","não aplicável","volume não explicitado na listagem resumida; preço “a partir de”","","","","","","","","",""
"Tintas importadas","Dynamic","Dynamic Tattoo Ink Chinese Red","não publicado","","Tinta; vermelho","Tinta líquida, frasco","","","","","","","Cor vermelha — uso usual, confirmar com fabricante","","","","Presença comercial brasileira indicada pela lista oficial de distribuidores [3] [4]","","","","","não aplicável","volume não explicitado na listagem resumida; preço “a partir de”","","","","","","","","",""
"Tintas importadas","Dynamic","Dynamic Tattoo Ink Bubble Gum Pink","não publicado","","Tinta; rosa","Tinta líquida, frasco","","","","","","","Cor rosa — uso usual, confirmar com fabricante","","","","Presença comercial brasileira indicada pela lista oficial de distribuidores [3] [4]","","","","","não aplicável","volume não explicitado na listagem resumida; preço “a partir de”","","","","","","","","",""
"Tintas importadas","Dynamic","Dynamic Tattoo Ink Tropical Purple","não publicado","","Tinta; roxo","Tinta líquida, frasco","","","","","","","Cor roxa — uso usual, confirmar com fabricante","","","","Presença comercial brasileira indicada pela lista oficial de distribuidores [3] [4]","","","","","não aplicável","volume não explicitado na listagem resumida; preço “a partir de”","","","","","","","","",""
"Tintas importadas","Dynamic","Dynamic Non Mixing Heavy White","não publicado","","Tinta; branco especial","Fórmula “non-mixing”, frasco","","","","","","","Branco denso/highlight — uso usual, confirmar com fabricante","","","","Presença comercial brasileira indicada pela lista oficial de distribuidores; confirmar se o distribuidor brasileiro mantém essa variante [3] [4]","","","","","não aplicável","8 oz publicado na listagem oficial","","","","","","","","",""
"Tintas importadas","Dynamic","Dynamic Butter","não publicado","","Insumo; butter/glide","Pomada/deslizante para trabalho","","","","","","","Lubrificação e proteção durante o trabalho, conforme descrição “all-stage performance” do fabricante","","","","Fabricante possui distribuidores no Brasil, mas a fonte não confirma estoque local [3] [4]","","","","","não aplicável","apresentação e volume não publicados na página inicial","","","","","","","","",""
"Tintas importadas","INTENZE","Black Label Tattoo Ink","não publicado","","Tinta; preto profissional","Tinta preta de alta carga","","","","","","","Linha, fine line, black & grey, packing sólido e blackout, conforme fabricante","","","","Especificação confirmada; presença comercial brasileira não confirmada em distribuidor oficial consultado [5]","","","","","não aplicável","8 oz / 240 ml","","","","","","","","",""
"Tintas importadas","INTENZE","Snow White Opaque Tattoo Ink","não publicado","","Tinta; branco opaco","Tinta branca opaca","","","","","","","Highlights e branco opaco — uso usual, confirmar com fabricante","","","","Especificação confirmada; presença comercial brasileira não confirmada [5]","","","","","não aplicável","1/2 oz, 1 oz, 2 oz e 4 oz publicados","","","","","","","","",""
"Tintas importadas","INTENZE","Snow White Mixing Tattoo Ink","não publicado","","Tinta; branco para mistura","Tinta branca de mistura","","","","","","","Mistura e sombreamento, conforme indicação exibida pelo fabricante","","","","Especificação confirmada; presença comercial brasileira não confirmada [5]","","","","","não aplicável","1/2 oz, 1 oz, 2 oz e 4 oz publicados","","","","","","","","",""
"Tintas importadas","INTENZE","Zuper White — High Opaque","não publicado","","Tinta; branco de alta opacidade","Tinta branca de alta opacidade","","","","","","","Branco de alta opacidade — uso usual, confirmar com fabricante","","","","Especificação confirmada; presença comercial brasileira não confirmada [5]","","","","","não aplicável","8 oz publicado","","","","","","","","",""
"Tintas importadas","INTENZE","Color Tattoo Ink — cores individuais","não publicado","","Tinta; catálogo de cores","Frascos individuais","","","","","","","Aplicação depende da cor; uso usual, confirmar com fabricante","","","","Catálogo oficial confirma 113 produtos e esses volumes filtráveis; não tratar como disponibilidade brasileira [6]","","","","","não aplicável","filtro oficial mostra 1 oz, 2 oz e 12 oz; a disponibilidade varia por cor","","","","","","","","",""
"Tintas importadas","INTENZE","Color Mixing Solution","não publicado","","Insumo; solução de mistura","Solução líquida","","","","","","","Diluição/sombreamento, conforme associação publicada pelo fabricante","","","","Especificação confirmada; presença comercial brasileira não confirmada [5]","","","","","não aplicável","1 oz, 4 oz e 12 oz","","","","","","","","",""
"Tintas importadas","World Famous","Primary Color Ink Set #1","WFPS1-1","","Tinta; conjunto de cores primárias","Kit com 12 cores","","","","","","","Todos os estilos, coverups, início ou reposição de paleta, segundo fabricante","","","","Especificação confirmada; a página direciona a localizador internacional, mas não confirma distribuidor brasileiro específico [7]","","","","","não aplicável","1 oz por frasco; conjunto somente em 1 oz","","","","","","","","",""
"Tintas importadas","World Famous","50 Color 1oz Bottle Set","não publicado","","Tinta; kit","Conjunto de 50 frascos","","","","","","","Paleta geral — uso usual, confirmar com fabricante","","","","Especificação confirmada; presença brasileira não confirmada [8]","","","","","não aplicável","1 oz por frasco","","","","","","","","",""
"Tintas importadas","World Famous","25 Color 1oz Bottle Set","não publicado","","Tinta; kit","Conjunto de 25 frascos","","","","","","","Paleta geral — uso usual, confirmar com fabricante","","","","Especificação confirmada; presença brasileira não confirmada [8]","","","","","não aplicável","1 oz por frasco","","","","","","","","",""
"Tintas importadas","World Famous","16 Color Ink Set #1","não publicado","","Tinta; kit","Conjunto de 16 cores","","","","","","","Paleta geral — uso usual, confirmar com fabricante","","","","Especificação confirmada; presença brasileira não confirmada [8]","","","","","não aplicável","1 oz","","","","","","","","",""
"Tintas importadas","World Famous","16 Color Ink Set #2","não publicado","","Tinta; kit","Conjunto de 16 cores","","","","","","","Paleta geral — uso usual, confirmar com fabricante","","","","Especificação confirmada; presença brasileira não confirmada [8]","","","","","não aplicável","1 oz","","","","","","","","",""
"Tintas importadas","World Famous","7 Color Simple Set","não publicado","","Tinta; kit","Conjunto de 7 cores","","","","","","","Paleta essencial — uso usual, confirmar com fabricante","","","","Especificação confirmada; presença brasileira não confirmada [8]","","","","","não aplicável","1/2 oz","","","","","","","","",""
"Tintas importadas","World Famous","3 Bottle Grey Wash Set","não publicado","","Tinta; graywash","Conjunto de 3 frascos","","","","","","","Graywash/sombreamento — uso usual, confirmar com fabricante","","","","Especificação confirmada; presença brasileira não confirmada [8]","","","","","não aplicável","1 oz, 4 oz e 8 oz publicados","","","","","","","","",""
"Tintas importadas","World Famous","Five-Stage Shading Set","não publicado","","Tinta; sombreamento","Conjunto de cinco estágios","","","","","","","Sombreamento em estágios — uso usual, confirmar com fabricante","","","","Especificação confirmada; presença brasileira não confirmada [8]","","","","","não aplicável","1 oz e 4 oz publicados","","","","","","","","",""
"Tintas importadas","World Famous","Lining And Shading Set","não publicado","","Tinta; linha e sombra","Conjunto","","","","","","","Lining e shading, conforme nome da linha — confirmar com fabricante","","","","Especificação confirmada; presença brasileira não confirmada [8]","","","","","não aplicável","4 oz publicado","","","","","","","","",""
"Tintas importadas","World Famous","Skintone Ink Set","não publicado","","Tinta; tons de pele","Conjunto","","","","","","","Tons de pele — uso usual, confirmar com fabricante","","","","Especificação confirmada; presença brasileira não confirmada [8]","","","","","não aplicável","1 oz","","","","","","","","",""
"Batoques, copos de tinta, suportes e acessórios de pigmento","Kwadron","Ink cups Yellow","","não publicado","Copo/batoque descartável; pigmento","","","","","","","500 unidades; amarelo","Dosagem e uso de pigmento; uso usual, confirmar com fabricante","","","","","[1]","","","","","","formato não publicado; diâmetro não publicado","não aplicável","","","","","","",""
"Batoques, copos de tinta, suportes e acessórios de pigmento","Kwadron","Ink cups Clear Yellow","","não publicado","Copo/batoque descartável; pigmento","","","","","","","500 unidades; amarelo translúcido","Dosagem e uso de pigmento; uso usual, confirmar com fabricante","","","","","[1]","","","","","","formato não publicado; diâmetro não publicado","não aplicável","","","","","","",""
"Batoques, copos de tinta, suportes e acessórios de pigmento","Kwadron","Ink cups with a stand","","não publicado","Batoque com base","","","","","","","100 unidades","Manter o copo apoiado e reduzir tombamento; uso usual, confirmar com fabricante","","","","","[1]","","","","","","formato com suporte; medidas não publicadas","não aplicável","","","","","","",""
"Batoques, copos de tinta, suportes e acessórios de pigmento","Kwadron","Ink cups on a stand Transparent","","não publicado","Batoque com base","","","","","","","1.000 unidades; transparente","Organização de múltiplas cores; uso usual, confirmar com fabricante","","","","","[1]","","","","","","formato com base; medidas não publicadas","não aplicável","","","","","","",""
"Batoques, copos de tinta, suportes e acessórios de pigmento","Kwadron","Cups on a stand BLACK","","não publicado","Batoque com base","","","","","","","1.000 unidades; preto","Organização de múltiplas cores; uso usual, confirmar com fabricante","","","","","[1]","","","","","","formato com base; medidas não publicadas","não aplicável","","","","","","",""
"Batoques, copos de tinta, suportes e acessórios de pigmento","Kwadron","Nineone Sterile Ink Cups","","não publicado","Copo/batoque estéril","","","","","","","apresentação/quantidade não publicada","Uso de pigmento em procedimento; esterilidade conforme rotulagem e instruções do fabricante","","","","","[1]","","","","","","formato e diâmetro não publicados","não aplicável","","","","","","",""
"Batoques, copos de tinta, suportes e acessórios de pigmento","Kwadron","Biodegradable Ink Hexagon Cups","","não publicado","Copo/batoque biodegradável","","","","","","","caixa com 200 unidades","Dosagem de pigmento; formato hexagonal para organização; uso usual, confirmar com fabricante","","","","","[1]","","","","","","hexagonal; diâmetro não publicado","não aplicável","","","","","","",""
"Batoques, copos de tinta, suportes e acessórios de pigmento","Kwadron","Silicone cups for the stand","","6661","Batoque reutilizável/descartável de silicone para suporte","","","","","","","100 unidades","Uso em suporte compatível; uso usual, confirmar com fabricante","","","","","[2]","","","","","","circular; 13 mm","não aplicável","","","","","","",""
"Batoques, copos de tinta, suportes e acessórios de pigmento","Kwadron","Silicone cups for the stand","","não publicado","Batoque de silicone para suporte","","","","","","","100 unidades","Uso em suporte compatível; uso usual, confirmar com fabricante","","","","","[1]","","","","","","circular; 8 mm","não aplicável","","","","","","",""
"Batoques, copos de tinta, suportes e acessórios de pigmento","Kwadron","SKULL Plastic Ink Cup","","8243","Copo/batoque plástico","","","","","","","200 unidades; desenho de caveira","Dosagem de pigmento; uso usual, confirmar com fabricante","","","","","[3]","","","","","","circular; 12 mm","não aplicável","","","","","","",""
"Batoques, copos de tinta, suportes e acessórios de pigmento","Kwadron","Biodegradable heart-shaped ink cups","","9450","Copo/batoque biodegradável","","","","","","","200 unidades","Dosagem de pigmento; uso usual, confirmar com fabricante","","","","","[4]","","","","","","formato de coração; 13 mm","não aplicável","","","","","","",""
"Batoques, copos de tinta, suportes e acessórios de pigmento","Kwadron","Modular ink cups","","não publicado","Batoque modular","","","","","","","100 unidades","Combinar e organizar copos na bancada; a própria página descreve flexibilidade de arranjo","","","","","[1]","","","","","","módulos combináveis; medidas não publicadas","não aplicável","","","","","","",""
"Batoques, copos de tinta, suportes e acessórios de pigmento","Kwadron","CUT MODULE Modular cups for cutting BLACK","","não publicado","Copo/batoque modular para corte","","","","","","","500 unidades; preto","Organização modular e separação/corte de conjuntos; uso usual, confirmar com fabricante","","","","","[1]","","","","","","modular; medidas não publicadas","não aplicável","","","","","","",""
"Batoques, copos de tinta, suportes e acessórios de pigmento","Kwadron","CUT MODULE Modular cups for cutting WHITE","","não publicado","Copo/batoque modular para corte","","","","","","","500 unidades; branco","Organização modular e separação/corte de conjuntos; uso usual, confirmar com fabricante","","","","","[1]","","","","","","modular; medidas não publicadas","não aplicável","","","","","","",""
"Batoques, copos de tinta, suportes e acessórios de pigmento","Kwadron","Clear Cut Trays","","não publicado","Bandeja/conjunto de copos de corte","","","","","","","600 unidades","Organização de copos e pigmentos; uso usual, confirmar com fabricante","","","","","[1]","","","","","","bandeja transparente; medidas não publicadas","não aplicável","","","","","","",""
"Batoques, copos de tinta, suportes e acessórios de pigmento","Kwadron","Unistar Plastic Ink Cups Muse","","não publicado","Batoque plástico; linha Unistar/Muse","","","","","","","160 unidades","Dosagem de pigmento; uso usual, confirmar com fabricante","","","","","[1]","","","","","","circular; 16 mm","não aplicável","","","","","","",""
"Batoques, copos de tinta, suportes e acessórios de pigmento","Kwadron","RECTANGLE Silicone Ink Cups in a Jar","","não publicado","Batoque de silicone; formato especial","","","","","","","pote com 80 unidades","Organização e dosagem de pigmento; uso usual, confirmar com fabricante","","","","","[1]","","","","","","retangular; medidas não publicadas","não aplicável","","","","","","",""
"Batoques, copos de tinta, suportes e acessórios de pigmento","Kwadron","TRIANGLE Silicone Ink Cups in a Jar","","não publicado","Batoque de silicone; formato especial","","","","","","","pote com 80 unidades","Organização e dosagem de pigmento; uso usual, confirmar com fabricante","","","","","[1]","","","","","","triangular; medidas não publicadas","não aplicável","","","","","","",""
"Batoques, copos de tinta, suportes e acessórios de pigmento","Kwadron","Unistar Silicone cups on a stand","","não publicado","Batoque de silicone com base; Unistar","","","","","","","100 unidades","Uso em bancada com suporte integrado; uso usual, confirmar com fabricante","","","","","[1]","","","","","","circular; 13 mm","não aplicável","","","","","","",""
"Batoques, copos de tinta, suportes e acessórios de pigmento","Kwadron","Unistar Silicone cups on a stand","","não publicado","Batoque de silicone com base; Unistar","","","","","","","100 unidades","Uso em bancada com suporte integrado; uso usual, confirmar com fabricante","","","","","[1]","","","","","","circular; 8 mm","não aplicável","","","","","","",""
"Batoques, copos de tinta, suportes e acessórios de pigmento","Kwadron","Unistar silicone cups Combat Magnum","","não publicado","Batoque de silicone; formato para Magnum","","","","","","","20 unidades","Acomodar maior volume de pigmento; uso usual, confirmar com fabricante","","","","","[1]","","","","","","formato “Combat Magnum”; medidas não publicadas","não aplicável","","","","","","",""
"Batoques, copos de tinta, suportes e acessórios de pigmento","Kwadron","Unistar ECO Paper Ink Cups","","não publicado","Copo/batoque de papel; linha ecológica","","","","","","","200 unidades","Dosagem de pigmento; uso usual, confirmar com fabricante","","","","","[1]","","","","","","formato e diâmetro não publicados","não aplicável","","","","","","",""
"Batoques, copos de tinta, suportes e acessórios de pigmento","Kwadron","WORKING Tray Disposable stands","","não publicado","Suporte/bandeja descartável","","","","","","","caixa com 50 unidades","Apoio e organização de copos na estação de trabalho; uso usual, confirmar com fabricante","","","","","[1]","","","","","","bandeja/suporte; medidas não publicadas","não aplicável","","","","","","",""
"Batoques, copos de tinta, suportes e acessórios de pigmento","Kwadron","Box for Inkcups","","não publicado","Organizador/caixa para batoques","","","","","","","1 unidade","Armazenamento e organização de copos; uso usual, confirmar com fabricante","","","","","[1]","","","","","","caixa; dimensões não publicadas","não aplicável","","","","","","",""
"Batoques, copos de tinta, suportes e acessórios de pigmento","Kwadron","Carton box for inkcups","","não publicado","Caixa de papelão para batoques","","","","","","","1 unidade","Organização/armazenamento; uso usual, confirmar com fabricante","","","","","[1]","","","","","","caixa; dimensões não publicadas","não aplicável","","","","","","",""
"Batoques, copos de tinta, suportes e acessórios de pigmento","Kwadron","Plastic jar for cups","","não publicado","Pote para armazenamento de copos","","","","","","","1 unidade","Armazenar copos/batoques; uso usual, confirmar com fabricante","","","","","[1]","","","","","","pote plástico; capacidade de 1.000 ml","não aplicável","","","","","","",""
"Batoques, copos de tinta, suportes e acessórios de pigmento","Kwadron","Unistar Disposable Cartridge Cup Holder","","não publicado","Suporte descartável para copos/cartuchos","","","","","","","24 unidades","Manter copos/cartuchos organizados; uso usual, confirmar com fabricante","","","","","[1]","","","","","","suporte com encaixes; número de encaixes e dimensões não publicados","não aplicável","","","","","","",""
"Batoques, copos de tinta, suportes e acessórios de pigmento","Kwadron","Stand for cups BIG","","não publicado","Suporte para copos","","","","","","","1 unidade","Apoio de copos de maior porte; uso usual, confirmar com fabricante","","","","","[1]","","","","","","formato grande; capacidade, número de furos e medidas não publicados","não aplicável","","","","","","",""
"Batoques, copos de tinta, suportes e acessórios de pigmento","Kwadron","Pigment cup holder - steel","","8715","Suporte de copos de pigmento","","","","","","","1 unidade","Suporte de copos; uso usual, confirmar com fabricante","","","","","[5]","","","","","","aço; número de furos e diâmetros compatíveis não publicados na página consultada","não aplicável","","","","","","",""
"Batoques, copos de tinta, suportes e acessórios de pigmento","Kwadron","Pigment cup holder - plastic","","8716","Suporte de copos de pigmento","","","","","","","1 unidade","Organização de múltiplas cores de pigmento; a página declara 8 aberturas e compatibilidade dimensional","","","","","[6]","","","","","","plástico; 8 aberturas, compatíveis com copos de 10, 14 e 17 mm","não aplicável","","","","","","",""
"Batoques, copos de tinta, suportes e acessórios de pigmento","Kwadron","Stand for cups from plexiglass","","não publicado","Suporte para copos","","","","","","","1 unidade","Apoio e organização de copos; uso usual, confirmar com fabricante","","","","","[1]","","","","","","plexiglass; número de furos e medidas não publicados","não aplicável","","","","","","",""
"Batoques, copos de tinta, suportes e acessórios de pigmento","Kwadron","CUP INK GLUE","","não publicado","Adesivo para copos/batoques","","","","","","","1 embalagem de 50 g","Fixação de copos à superfície/bandeja; uso usual, confirmar com fabricante","","","","","[1]","","","","","","não aplicável; massa de 50 g","não aplicável","","","","","","",""
"Batoques, copos de tinta, suportes e acessórios de pigmento","Kwadron","MAGIC TAPE Double-sided tape for cups BLACK","","não publicado","Fita dupla-face para copos","","","","","","","1 rolo de 5 m; preto","Fixar copos/batoques e organizar a bancada; uso usual, confirmar com fabricante","","","","","[1]","","","","","","rolo; comprimento publicado de 5 m; largura não publicada","não aplicável","","","","","","",""
"Batoques, copos de tinta, suportes e acessórios de pigmento","ArtPig Brasil","Batoques de Silicone com Base e Ventosa — tamanho M","","não publicado","Batoque de silicone; base antiderrapante","","","","","","","100 unidades (distribuidor) ou 300 unidades (distribuidor); cores publicadas incluem pink, ciano e kits de cores","Batoque para pigmento com maior estabilidade na bancada; distribuidor descreve base com ventosa, superfície lisa e uso único; esterilização e descarte devem seguir rotulagem","","","","","[7] [8]","","","","","","formato circular, tamanho M; diâmetro/espessura não publicados; capacidade de 1 ml","não aplicável","","","","","","",""
"Batoques, copos de tinta, suportes e acessórios de pigmento","ArtPig Brasil","Batoque de Silicone Premium — tamanho M","","não publicado","Batoque de silicone premium","","","","","","","300 unidades","Uso de pigmento com base emborrachada/ventosa; especificação confirmada por distribuidor, uso clínico/tatuagem conforme rotulagem","","","","","[9]","","","","","","tamanho M; diâmetro/espessura não publicados; capacidade de 1 ml","não aplicável","","","","","","",""
"Stencil: papel térmico, impressoras, transfer e fixadores","Spirit Tattoo / ReproFX","Classic Thermal 11\""","não publicado","","papel térmico / stencil","folha térmica 11\""; largura exata não publicada na página","não publicado","","não aplicável","","não aplicável","linha publicada como “11\""”; quantidade não publicada na página consultada","","","","Presença comercial: distribuidor listado pela Spirit no Brasil (Electric Ink); especificação confirmada: linha e formato pelo fabricante","","Spirit Classic Thermal 11\""","","","","","","","","transferência térmica de stencil; uso em impressoras térmicas, confirmar compatibilidade dimensional","","","","","",""
"Stencil: papel térmico, impressoras, transfer e fixadores","Spirit Tattoo / ReproFX","Classic Thermal 14\""","não publicado","","papel térmico / stencil","folha térmica 14\""; largura exata não publicada na página","não publicado","","não aplicável","","não aplicável","linha publicada como “14\""”; quantidade não publicada na página consultada","","","","Presença comercial: distribuidor listado pela Spirit no Brasil (Electric Ink); especificação confirmada: linha e formato pelo fabricante","","Spirit Classic Thermal 14\""","","","","","","","","transferência térmica de stencil; uso em impressoras térmicas, confirmar compatibilidade dimensional","","","","","",""
"Stencil: papel térmico, impressoras, transfer e fixadores","Spirit Tattoo / ReproFX","Classic Thermal Transparent Stencils / Clear Cut","não publicado","","papel térmico / stencil transparente","folha superior transparente; compatível com todas as impressoras térmicas, segundo fabricante","não publicado","","não aplicável","","não aplicável","caixa com 25 unidades térmicas transparentes","","","","Presença comercial: revendedores listados pela Spirit, incluindo Electric Ink no Brasil; especificação confirmada: 25 unidades, compatibilidade e características pelo fabricante","","Spirit Classic Thermal Transparent Stencils","","","","","","","","stencil de alta visibilidade para facilitar posicionamento, cover-up e preenchimento detalhado; fabricante informa produto skin-safe, vegano e estável em prateleira","","","","","",""
"Stencil: papel térmico, impressoras, transfer e fixadores","Spirit Tattoo","Classic Freehand","não publicado","","papel de transferência / freehand","formato e dimensões não publicados na página consultada","não publicado","","não aplicável","","não aplicável","apresentação e quantidade não publicadas na página consultada; produto listado pelo fabricante","","","","Presença comercial: catálogo/revendedores Spirit; especificação confirmada apenas quanto à existência da linha","","Spirit Classic Freehand","","","","","","","","desenho freehand e transferência manual; “uso usual, confirmar com fabricante” quanto a substrato e procedimento","","","","","",""
"Stencil: papel térmico, impressoras, transfer e fixadores","S8 Tattoo / Brother Mobile Solutions","S8 Stencil Printer 8 Series – Wireless","PJ-773-C132 (referência Brother para versão Wi‑Fi/USB; a página S8 também chama “8 Series – Wireless”)","","impressora / stencil térmico","impressora portátil para papel térmico de stencil; S8 informa impressão a 300 dpi, Bluetooth e compatibilidade com Mac, iPhone, iPad, Windows e Android","não publicado pela S8; Brother publica velocidade de até 8 páginas/min e interfaces USB 2.0/Wi‑Fi","","não aplicável","","não aplicável","unidade; bateria Li-Ion opcional, até 600 impressões conforme S8","","","","Presença comercial no Brasil não confirmada nas páginas consultadas; especificação confirmada pelos fabricantes quanto a 300 dpi, conectividade e compatibilidade","","S8 Stencil Printer; Brother PJ-773-C132","","","","","","","","impressão digital de stencils para estúdios; compatível com S8 Thermal e Spirit Thermal; confirmar voltagem, disponibilidade e assistência no Brasil","","","","","",""
"Stencil: papel térmico, impressoras, transfer e fixadores","S8 Tattoo / Brother Mobile Solutions","S8 Stencil Printer 8 Series – USB","referência exata não publicada na página S8 consultada","","impressora / stencil térmico","versão USB; formato máximo de mídia não publicado pela S8 consultada","não publicado","","não aplicável","","não aplicável","unidade","","","","Presença comercial no Brasil não confirmada; existência da variação USB confirmada no catálogo S8","","S8 Stencil Printer","","","","","","","","impressão de stencil térmico; “uso usual, confirmar com fabricante” para sistema operacional, mídia e consumíveis específicos","","","","","",""
"Stencil: papel térmico, impressoras, transfer e fixadores","HPRT","Wireless Tattoo Stencil Printer with 10 Transfer Sheets, Black","SKU 100601760; barcode não publicado como código EAN no catálogo","","impressora / stencil térmico","portátil, térmica, Bluetooth para iOS/Android e USB para Windows/Mac","não publicado; peso publicado de 530 g; bateria interna 2000 mAh","","não aplicável","","não aplicável","unidade com 10 folhas de transferência; página também informa até 200 stencils por carga","","","","Presença comercial brasileira não confirmada; especificação confirmada pelo fabricante/distribuidor HPRT, produto marcado como sold out na página consultada","","HPRT Wireless Tattoo Stencil Printer","","","","","","","","impressão térmica sem tinta para desenhos de tatuagem; o fabricante informa que o papel não transfere diretamente à pele e requer álcool + creme/gel de transferência","","","","","",""
"Stencil: papel térmico, impressoras, transfer e fixadores","Xprinter","K82 Tattoo Stencil Printer","K82","","impressora / stencil térmico","largura máxima de impressão 210 mm; impressão térmica direta","não publicado; resolução publicada de 203 dpi","","não aplicável","","não aplicável","unidade","","","","Presença comercial brasileira não confirmada; especificação confirmada na ficha do fabricante","","Xprinter K82","","","","","","","","papel de transferência para tatuagem; uso para stencil térmico, confirmar compatibilidade com marcas de papel","","","","","",""
"Stencil: papel térmico, impressoras, transfer e fixadores","Electrum","Premium Tattoo Stencil Primer 2 oz","não publicado","","transfer/fixador / primer de stencil","loção/primer para aplicação de stencil e arte freehand","não aplicável","","não aplicável","","não aplicável","frasco de 2 oz; fabricante também lista 8 oz","","","","Presença comercial brasileira não confirmada; especificação confirmada pelo fabricante/distribuidor oficial Electrum","","Electrum Premium Primer 2 oz","","","","","","","","aplicação de stencil de carbono e marcador freehand; fabricante informa retenção, fórmula vegana/não tóxica e compatibilidade com papéis Spirit purple, green e red","","","","","",""
"Stencil: papel térmico, impressoras, transfer e fixadores","Electrum","Premium Tattoo Stencil Primer 8 oz","não publicado","","transfer/fixador / primer de stencil","frasco de 8 oz","não aplicável","","não aplicável","","não aplicável","frasco 8 oz","","","","Presença comercial brasileira não confirmada; especificação confirmada pelo catálogo Electrum","","Electrum Premium Primer","","","","","","","","fixação de stencil de carbono e desenho freehand; fabricante informa compatibilidade com Spirit purple, green e red","","","","","",""
"Stencil: papel térmico, impressoras, transfer e fixadores","Electrum","Gold Standard Tattoo Stencil Primer 8 oz","não publicado","","transfer/fixador / primer de stencil","frasco de 8 oz","não aplicável","","não aplicável","","não aplicável","frasco 8 oz","","","","Presença comercial brasileira não confirmada; existência e volume confirmados no catálogo Electrum","","Electrum Premium Primer","","","","","","","","primer de stencil; descrição do fabricante enfatiza aderência e limpeza durante a sessão; “uso usual, confirmar com fabricante” para compatibilidade com papéis não Spirit","","","","","",""
"Stencil: papel térmico, impressoras, transfer e fixadores","Electrum","Premium Tattoo Skin Prep and Stencil Repositioner 8 oz","não publicado","","transfer/fixador / reposicionador e preparo de pele","frasco de 8 oz","não aplicável","","não aplicável","","não aplicável","frasco 8 oz","","","","Presença comercial brasileira não confirmada; especificação confirmada pelo catálogo Electrum","","Electrum Premium Primer","","","","","","","","remover/reposicionar stencil e preparar a pele; fabricante informa remoção de stencil sem fricção excessiva","","","","","",""
"Stencil: papel térmico, impressoras, transfer e fixadores","Electrum","Premium Tattoo Skin Prep and Stencil Repositioner 32 oz","não publicado","","transfer/fixador / reposicionador e preparo de pele","frasco de 32 oz","não aplicável","","não aplicável","","não aplicável","frasco 32 oz","","","","Presença comercial brasileira não confirmada; volume confirmado no catálogo Electrum","","Electrum Premium Primer","","","","","","","","preparo de pele e remoção/reposicionamento de stencil; “uso usual, confirmar com fabricante” para protocolo de assepsia do estúdio","","","","","",""
"Stencil: papel térmico, impressoras, transfer e fixadores","S8 Tattoo","S8 Red Thermal Paper","não publicado","","papel térmico / stencil vermelho","folha térmica vermelha; tamanho e espessura não publicados na página consultada","não publicado","","não aplicável","","não aplicável","50 unidades e 100 unidades, variações publicadas no catálogo S8","","","","Presença comercial brasileira não confirmada; especificação confirmada quanto à cor e às apresentações 50/100","","S8 Red Stencil Paper; Spirit duplicadores recomendados","","","","","","","","papel para impressora térmica e stencil; S8/Spirit confirmam compatibilidade com impressora S8; “uso usual, confirmar com fabricante” para outros duplicadores","","","","","",""
"Stencil: papel térmico, impressoras, transfer e fixadores","S8 Tattoo","8oz Transfer Gel","não publicado","","transfer/fixador / gel de transferência","frasco de 8 oz","não publicado","","não aplicável","","não aplicável","frasco 8 oz","","","","Presença comercial brasileira não confirmada; existência e volume confirmados no catálogo S8","","S8 Stencil Printer collection","","","","","","","","gel de transferência de stencil; indicação técnica conservadora: “uso usual, confirmar com fabricante” quanto a pele, tempo de secagem e compatibilidade","","","","","",""
"Stencil: papel térmico, impressoras, transfer e fixadores","S8 Tattoo","8oz Tattoo Gel","não publicado","","transfer/fixador / gel","frasco de 8 oz","não publicado","","não aplicável","","não aplicável","frasco 8 oz","","","","Presença comercial brasileira não confirmada; apenas existência e volume confirmados","","S8 Stencil Printer collection","","","","","","","","produto listado como gel para tatuagem; não classificar automaticamente como fixador sem ficha técnica adicional; “uso usual, confirmar com fabricante”","","","","","",""
"Stencil: papel térmico, impressoras, transfer e fixadores","Stencil Stuff","Spray Stuff 8 oz / 240 ml","não publicado","","fixador / spray de stencil","spray para fixar stencil e desenho freehand","não aplicável","","não aplicável","","não aplicável","frasco de 8 oz/240 ml","","","","Presença comercial no Brasil não confirmada; especificação confirmada pelo distribuidor reconhecido quanto ao volume e uso descrito","","Spray Stuff – I Max Shop","","","","","","","","distribuidor reconhecido descreve como fixador que prolonga a duração do stencil e pode definir desenhos freehand; confirmar fórmula e disponibilidade com fabricante","","","","","",""
"Máquinas, grips, fontes, baterias e cabos","Cheyenne","HAWK Spirit","","não publicado","Máquina rotativa","formato angular; motor com escovas; conexão jack macho 3,5 mm","grips S 22,0 mm ou M 25,4 mm","","não aplicável","","não publicado","unidade; grips vendidos/variantes de cor","","","","","","Cheyenne comparison","","","","","","","","","lining, color packing, shading, filling, dot work e pepper shading; intensidades comparativas publicadas pelo fabricante","especificação confirmada; presença comercial no Brasil não confirmada nesta pesquisa","","","",""
"Máquinas, grips, fontes, baterias e cabos","Cheyenne","HAWK Thunder","","não publicado","Máquina rotativa","formato angular; motor com escovas; jack macho 3,5 mm","grips S 22,0 mm ou M 25,4 mm","","não aplicável","","não publicado","unidade; grips e cores publicados","","","","","","Cheyenne comparison","","","","","","","","","lining, color packing, shading, filling, dot work e pepper shading; uso técnico indicado na tabela do fabricante","especificação confirmada; presença comercial no Brasil não confirmada nesta pesquisa","","","",""
"Máquinas, grips, fontes, baterias e cabos","Cheyenne","HAWK Pen","","não publicado","Máquina rotativa tipo pen","pen; motor com escovas; jack macho 3,5 mm","grip S cônico; M 25,4 mm; D-Grip Ergo 1-Inch, Round e Long","","não aplicável","","não publicado","unidade; grip M incluído","","","","","","Cheyenne comparison","","","","","","","","","lining, color packing, shading, filling, dot work e pepper shading; uso técnico conforme tabela do fabricante","especificação confirmada; presença comercial no Brasil não confirmada nesta pesquisa","","","",""
"Máquinas, grips, fontes, baterias e cabos","Cheyenne","SOL Nova","","não publicado","Máquina rotativa tipo pen","pen; motor brushless; Steady Mode; jack macho 3,5 mm","Standard 33,0 mm; D-Grip Ergo 1-Inch e Round","","não aplicável","","não publicado","unidade; grip Standard incluído","","","","","","Cheyenne comparison","","","","","","","","","lining, color packing, shading, filling, dot work e pepper shading; dot/pepper shading aparecem com maior adequação comparativa na tabela oficial","especificação confirmada; presença comercial no Brasil não confirmada nesta pesquisa","","","",""
"Máquinas, grips, fontes, baterias e cabos","Cheyenne","SOL Luna","","não publicado","Máquina rotativa angular","formato angular; motor brushless; Steady Mode; jack macho 3,5 mm","S 22,4 mm; M 25,4 mm; L 33,0 mm","","não aplicável","","não publicado","unidade; grips por tamanho","","","","","","Cheyenne comparison","","","","","","","","","lining, color packing, shading, filling, dot work e pepper shading; uso técnico conforme tabela do fabricante","especificação confirmada; presença comercial no Brasil não confirmada nesta pesquisa","","","",""
"Máquinas, grips, fontes, baterias e cabos","Cheyenne","SOL Terra","","não publicado","Máquina rotativa angular","formato angular; motor brushless; Steady Mode; jack macho 3,5 mm","S 22,4 mm; M 25,4 mm; L 33,0 mm","","não aplicável","","não publicado","unidade; grips por tamanho","","","","","","Cheyenne comparison","","","","","","","","","lining, color packing, shading, filling, dot work e pepper shading; uso técnico conforme tabela do fabricante","especificação confirmada; presença comercial no Brasil não confirmada nesta pesquisa","","","",""
"Máquinas, grips, fontes, baterias e cabos","Cheyenne","SOL Nova Unlimited 3.5","","não publicado","Máquina rotativa sem fio tipo pen","pen; brushless; bateria integrada/sem plug publicado na tabela","Standard 33,0 mm; Disposable Grip Ergo 1-Inch e Round","","não aplicável","","não publicado","unidade; Standard incluído; grips descartáveis disponíveis","","","","","","Cheyenne comparison","","","","","","","","","lining, color packing, shading, filling, dot work e pepper shading; uso técnico conforme tabela do fabricante","especificação confirmada; presença comercial no Brasil não confirmada nesta pesquisa","","","",""
"Máquinas, grips, fontes, baterias e cabos","Cheyenne","SOL Nova Unlimited 4.0","","não publicado","Máquina rotativa sem fio tipo pen","pen; brushless; bateria integrada/sem plug publicado na tabela","Standard 33,0 mm; Disposable Grip Ergo 1-Inch e Round","","não aplicável","","não publicado","unidade; Standard incluído; grips descartáveis disponíveis","","","","","","Cheyenne comparison","","","","","","","","","lining, color packing, shading, filling, dot work e pepper shading; uso técnico conforme tabela do fabricante","especificação confirmada; presença comercial no Brasil não confirmada nesta pesquisa","","","",""
"Máquinas, grips, fontes, baterias e cabos","Cheyenne","HAWK Spirit / Thunder / Pen; SOL Nova / Luna / Terra; SOL Nova Unlimited","","não publicado","Variações de grip","grips reutilizáveis ou descartáveis conforme família; cores publicadas incluem preto, vermelho, prata, roxo, laranja e outras específicas por modelo","22,0; 22,4; 25,4; 33,0 mm; conical quando indicado","","não aplicável","","não publicado","unidades; disposable grip em caixas/quantidade não publicada na fonte consultada","","","","","","Cheyenne comparison","","","","","","","","","ergonomia e compatibilidade com a máquina correspondente; confirmar esterilização e embalagem com distribuidor","especificação confirmada; disponibilidade brasileira não confirmada","","","",""
"Máquinas, grips, fontes, baterias e cabos","Bishop","Power Wand Advanced — Shader","","não publicado","Máquina rotativa sem fio","pen; curso fixo 3,5 mm; conexão magnética Snap; bateria Critical Connect","diâmetro do corpo/grip não publicado na página consultada","","não aplicável","","não publicado","máquina; opção de kit Full Set com bateria Standard ou Shorty, dock, cabo magnético e case","","","","","","Bishop Power Wand Advanced","","","","","","","","","black & grey, gradientes suaves, trabalho delicado e fine line, conforme fabricante","especificação confirmada; presença comercial no Brasil não confirmada nesta pesquisa","","","",""
"Máquinas, grips, fontes, baterias e cabos","Bishop","Power Wand Advanced — Packer","","não publicado","Máquina rotativa sem fio","pen; curso fixo 4,2 mm; conexão magnética Snap; bateria Critical Connect","diâmetro do corpo/grip não publicado","","não aplicável","","não publicado","máquina; Full Set com baterias Standard/Shorty, dock, cabo e case","","","","","","Bishop Power Wand Advanced","","","","","","","","","color packing, color realism, traditional color packing, saturação de tinta e linhas finas ou bold lines","especificação confirmada; presença comercial no Brasil não confirmada nesta pesquisa","","","",""
"Máquinas, grips, fontes, baterias e cabos","Bishop","Power Wand Advanced — Liner","","não publicado","Máquina rotativa sem fio","pen; curso fixo 5,0 mm; conexão magnética Snap; bateria Critical Connect","diâmetro do corpo/grip não publicado","","não aplicável","","não publicado","máquina; Full Set com baterias Standard/Shorty, dock, cabo e case","","","","","","Bishop Power Wand Advanced","","","","","","","","","line work de todos os tipos, 3RL shading, black work e dot work","especificação confirmada; presença comercial no Brasil não confirmada nesta pesquisa","","","",""
"Máquinas, grips, fontes, baterias e cabos","Bishop/Critical","Advanced Battery Standard","","não publicado","Bateria sem fio para Power Wand","bateria com conexão magnética; compatível com Power Wand original e Advanced, segundo fabricante","não publicado","","não aplicável","","não aplicável","unidade ou incluída no Full Set","","","","","","Bishop Power Wand Advanced","","","","","","","","","alimentação sem fio; autonomia publicada varia na própria página entre “até 6 h” e descrição comercial de até 9 h; cadastrar o valor do manual/embalagem recebido","especificação confirmada; presença comercial no Brasil não confirmada","","","",""
"Máquinas, grips, fontes, baterias e cabos","Bishop/Critical","Advanced Battery Shorty","","não publicado","Bateria sem fio compacta","bateria magnética Shorty","não publicado","","não aplicável","","não aplicável","unidade ou incluída no Full Set","","","","","","Bishop Power Wand Advanced","","","","","","","","","alimentação sem fio em configuração compacta; autonomia publicada entre “até 4 h” e “5 h” na mesma página; confirmar lote/manual","especificação confirmada; presença comercial no Brasil não confirmada","","","",""
"Máquinas, grips, fontes, baterias e cabos","FK Irons","Spektra Xion Stealth","","não publicado","Máquina rotativa tipo pen","alumínio aeronáutico; compatível com a maioria das fontes; rodas de curso intercambiáveis","diâmetro não publicado na página consultada; peso 5,36 oz","","não aplicável","","não publicado","unidade; rodas 3,2 mm e 3,7 mm incluídas","","","","","","FK Irons Xion Stealth","","","","","","","","","uso usual, confirmar com fabricante: curso curto/médio para lining, shading e packing conforme regulagem","especificação confirmada; presença comercial no Brasil não confirmada","","","",""
"Máquinas, grips, fontes, baterias e cabos","FK Irons","Slim Xion/Xion S Disposable Grip","","não publicado","Grip descartável","grip para máquinas com drive bar integrado; bore central publicado","4 mm; furo central 3 mm","","não aplicável","","não publicado","caixa com 24 unidades","","","","","","FK Irons Slim Xion/Xion S","","","","","","","","","uso usual, confirmar com fabricante: compatibilidade com máquinas de drive bar integrado","especificação confirmada; presença comercial no Brasil não confirmada","","","",""
"Máquinas, grips, fontes, baterias e cabos","Critical","Atom X","","CT-ATOM-X-BLACK; variante prata publicada","Fonte de alimentação digital","fonte para coil e rotary; base magnética de neodímio; modos manual, momentary e maintained; jump-start","1,75 in altura × 2,87 in diâmetro","","não aplicável","","não aplicável","unidade com adaptador e manual; cores preta e prata","","","","","","Worldwide Tattoo Supply — Atom X","","","","","","","","","alimentação e controle de tensão para máquinas coil/rotary; jump-start para rotativas de partida difícil","especificação confirmada por distribuidor reconhecido; presença comercial no Brasil não confirmada","","","",""
"Máquinas, grips, fontes, baterias e cabos","Critical","Connect V2 Universal Battery","","não publicado","Bateria universal sem fio","bateria Critical Connect; tecnologia Bluetooth 5.0; variante Universal","capacidade, dimensões, peso e autonomia não publicados na página oficial consultada","","não aplicável","","não aplicável","unidade; também em bundles com dock duplo/quádruplo","","","","","","Critical Tattoo","","","","","","","","","alimentação sem fio; confirmar compatibilidade mecânica/elétrica com a máquina específica","existência no fabricante confirmada; presença comercial no Brasil não confirmada","","","",""
"Máquinas, grips, fontes, baterias e cabos","Critical","Connect V2 Universal Shorty Battery","","não publicado","Bateria universal sem fio compacta","versão Shorty da Connect V2; Bluetooth 5.0","capacidade, dimensões, peso e autonomia não publicados","","não aplicável","","não aplicável","unidade; também em bundles","","","","","","Critical Tattoo","","","","","","","","","alimentação sem fio compacta; confirmar compatibilidade com a máquina específica","existência no fabricante confirmada; presença comercial no Brasil não confirmada","","","",""
"Máquinas, grips, fontes, baterias e cabos","Peak","Forge-C RCA Battery","","não publicado","Bateria sem fio com saída RCA","carcaça de alumínio; jack RCA padrão; jumpstart inicial em 9 V; há variante com jack 3,5 mm","aproximadamente 50 mm altura × 32 mm largura","","não aplicável","","não aplicável","unidade; cor preta na ficha consultada","","","","","","C&S Tattoo Supply — Peak RCA Battery","","","","","","","","","alimentação sem fio para máquina com RCA; uso usual, confirmar com fabricante para a variante de 3,5 mm","especificação confirmada por distribuidor reconhecido; presença comercial no Brasil não confirmada","","","",""
"Máquinas, grips, fontes, baterias e cabos","Peak","Forge-C 3.5 mm Battery","","não publicado","Bateria sem fio com saída 3,5 mm","variante de conector 3,5 mm mencionada na ficha do Forge-C","aproximadamente 50 mm × 32 mm, se a carcaça for a mesma; confirmar no SKU específico","","não aplicável","","não aplicável","unidade; cores e SKU não publicados na ficha consultada","","","","","","C&S Tattoo Supply — Peak RCA Battery","","","","","","","","","alimentação sem fio; uso usual, confirmar com fabricante para conexão e compatibilidade","existência/variante confirmada na ficha do distribuidor; presença comercial no Brasil não confirmada","","","",""
"Máquinas, grips, fontes, baterias e cabos","Bishop","RCA Cord","","não publicado","Cabo de máquina","cabo RCA; página oficial do Power Wand Advanced descreve cabo magnético atualizado para a versão Advanced, não uma ficha separada do RCA Cord","comprimento não publicado","","não aplicável","","não aplicável","incluído conforme kit; apresentação avulsa não confirmada","","","","","","Bishop Power Wand Advanced","","","","","","","","","conexão de máquina com RCA; uso usual, confirmar com fabricante","cabo magnético do kit confirmado; SKU/apresentação avulsa e presença no Brasil não confirmados","","","",""
"Máquinas, grips, fontes, baterias e cabos","Cheyenne","Cabo/conexão das famílias HAWK e SOL","","não publicado","Cabo/conector de máquina","jack macho 3,5 mm em jack cage nas HAWK e SOL com fio; Unlimited sem plug na tabela comparativa","comprimento não publicado","","não aplicável","","não aplicável","integrado/compatível com a máquina; cabo avulso não publicado","","","","","","Cheyenne comparison","","","","","","","","","conexão de fonte para HAWK/SOL com fio; confirmar pinagem e cabo de reposição","especificação de conector confirmada; presença comercial de cabo avulso no Brasil não confirmada","","","",""
"Limpeza, desinfecção, esterilização, indicadores e embalagens","Sispack","Pistola pressurizada PS 20","PS 20","","Limpeza e secagem / pistola","Pistola pressurizada","","não publicado","","","não aplicável","unidade","","Equipamento para limpeza e secagem; parâmetros de uso não publicados","","","Fabricante/distribuidor com site e contatos no Brasil; especificação confirmada apenas quanto ao nome e função publicada","Sispack — Produtos","","","","","","","","","","","não aplicável","","",""
"Limpeza, desinfecção, esterilização, indicadores e embalagens","Sispack","Pistola pressurizada PS 30","PS 30","","Limpeza e secagem / pistola","Pistola pressurizada","","não publicado","","","não aplicável","unidade","","Equipamento para limpeza e secagem; uso usual, confirmar com fabricante","","","Presença comercial no Brasil confirmada pelo catálogo nacional; especificações dimensionais não publicadas","Sispack — Produtos","","","","","","","","","","","não aplicável","","",""
"Limpeza, desinfecção, esterilização, indicadores e embalagens","Sispack","Kit de pistola de ar e água com régua e 9 bicos","não publicado","","Limpeza e secagem / kit","Pistola de ar e água, régua e 9 bicos","","não publicado","","","não aplicável","kit","","Limpeza e secagem de instrumentais; uso usual, confirmar compatibilidade com instrumental e fonte de ar/água","","","Presença comercial no Brasil confirmada; composição de materiais e dimensões não publicadas","Sispack — Produtos","","","","","","","","","","","9 bicos","","",""
"Limpeza, desinfecção, esterilização, indicadores e embalagens","Sispack","Sotrax","não publicado","","Saneantes / removedor de sujidade","Removedor de sujidade para superfícies inoxidáveis","","não aplicável","","","não aplicável","não publicado","","Remoção de sujidade de superfícies inoxidáveis, conforme descrição do fabricante","","","Produto publicado por fornecedor brasileiro; registro, concentração e espectro não confirmados na página consultada","Sispack — Produtos","","","","","","","","","","","não aplicável","","",""
"Limpeza, desinfecção, esterilização, indicadores e embalagens","Sispack","Prático X","não publicado","","Saneantes / desinfetante","Pronto uso","","não aplicável","","","não aplicável","não publicado","","Desinfetante de nível intermediário e superfície pronto uso","","","Presença comercial no Brasil confirmada; ativo, concentração, tempo de contato e regularização não publicados na página","Sispack — Produtos","","","","","","","","","","","não aplicável","","",""
"Limpeza, desinfecção, esterilização, indicadores e embalagens","Sispack","Prático PU","não publicado","","Saneantes / desinfetante","Desinfetante hospitalar de superfície pronto uso","","não aplicável","","","não aplicável","não publicado","","Desinfecção hospitalar de superfície pronto uso; não presumir aplicação em pele ou instrumental invasivo","","","Presença comercial no Brasil confirmada; ativo, concentração, tempo de contato e regularização não publicados na página","Sispack — Produtos","","","","","","","","","","","não aplicável","","",""
"Limpeza, desinfecção, esterilização, indicadores e embalagens","Sispack","Pro 1 Endo","não publicado","","Indicadores de limpeza / indicador","não publicado","","não aplicável","","","não aplicável","não publicado","","Indicador de limpeza; finalidade exata e método não publicados","","","Presença comercial no Brasil confirmada; especificação técnica insuficiente para definir ciclo ou critério de aceitação","Sispack — Produtos","","","","","","","","","","","não aplicável","","",""
"Limpeza, desinfecção, esterilização, indicadores e embalagens","Sispack","Lumênia L2","não publicado","","Indicadores de limpeza / indicador","não publicado","","não aplicável","","","não aplicável","não publicado","","Indicador de limpeza; uso usual, confirmar com fabricante","","","Presença comercial no Brasil confirmada; princípio de leitura e compatibilidade não publicados","Sispack — Produtos","","","","","","","","","","","não aplicável","","",""
"Limpeza, desinfecção, esterilização, indicadores e embalagens","Sispack","CDWA-3","CDWA-3","","Indicadores de limpeza / indicador químico","Indicador químico de limpeza para lavadoras automatizadas","","não aplicável","","","não aplicável","não publicado","","Monitoramento de limpeza em lavadoras automatizadas, conforme nome publicado","","","Presença comercial no Brasil confirmada; classe, composição e critérios de interpretação não publicados na página","Sispack — Produtos","","","","","","","","","","","não aplicável","","",""
"Limpeza, desinfecção, esterilização, indicadores e embalagens","Sispack","Papel grau cirúrgico — bobina","não publicado","","Embalagens / papel grau cirúrgico","Bobina","","largura, comprimento e gramatura não publicados","","","não aplicável","bobina","","Embalagem de produtos para esterilização; selagem e ciclo devem seguir IFU do fabricante","","","Presença comercial no Brasil confirmada; dimensões e barreira não publicadas","Sispack — Produtos","","","","","","","","","","","não aplicável","","",""
"Limpeza, desinfecção, esterilização, indicadores e embalagens","Sispack","Embalagem SMS","não publicado","","Embalagens / SMS","embalagem SMS","","dimensões e gramatura não publicadas","","","não aplicável","não publicado","","Barreira/embalagem para esterilização; uso usual, confirmar método e compatibilidade","","","Presença comercial no Brasil confirmada; composição e dimensões não publicadas","Sispack — Produtos","","","","","","","","","","","não aplicável","","",""
"Limpeza, desinfecção, esterilização, indicadores e embalagens","Sispack","Envelope de papel grau cirúrgico termosselante","não publicado","","Embalagens / envelope","Envelope termosselante","","dimensões não publicadas","","","não aplicável","envelope","","Acondicionamento de instrumental para esterilização; requer selagem adequada","","","Presença comercial no Brasil confirmada; tamanhos e indicador incorporado não publicados","Sispack — Produtos","","","","","","","","","","","não aplicável","","",""
"Limpeza, desinfecção, esterilização, indicadores e embalagens","Sispack","Envelope de papel grau cirúrgico autosselante","não publicado","","Embalagens / envelope","Envelope autosselante","","dimensões não publicadas","","","não aplicável","envelope","","Acondicionamento de instrumental para esterilização; seguir instruções de fechamento","","","Presença comercial no Brasil confirmada; tamanhos e indicador incorporado não publicados","Sispack — Produtos","","","","","","","","","","","não aplicável","","",""
"Limpeza, desinfecção, esterilização, indicadores e embalagens","Sispack","Fita adesiva vapor tipo 1 1042-S ADERE","1042-S","","Indicadores químicos / fita tipo 1","Fita adesiva indicadora para vapor","","largura, comprimento e unidade de venda não publicados","","","não aplicável","rolo/fita; quantidade não publicada","","Diferenciação visual de material exposto ao processo a vapor; não substitui indicador interno ou biológico","","","Presença comercial no Brasil confirmada; especificação do rolo não publicada","Sispack — Produtos","","","","","","","","","","","não aplicável","","",""
"Limpeza, desinfecção, esterilização, indicadores e embalagens","Sispack","Fita adesiva peróxido de hidrogênio","CT40","","Indicadores químicos / fita","Fita adesiva indicadora para VH2O2","","dimensões não publicadas","","","não aplicável","rolo/fita; quantidade não publicada","","Indicação de exposição a peróxido de hidrogênio vaporizado; não presumir validade para vapor","","","Presença comercial no Brasil confirmada; detalhes de mudança de cor não publicados","Sispack — Produtos","","","","","","","","","","","não aplicável","","",""
"Limpeza, desinfecção, esterilização, indicadores e embalagens","Sispack","Indicador químico tipo 4 para VH2O2","CD40 VH2O2","","Indicador químico / tipo 4","Indicador químico tipo 4","","dimensões e quantidade não publicadas","","","não aplicável","não publicado","","Monitoramento químico de processo VH2O2, conforme categoria publicada","","","Presença comercial no Brasil confirmada; parâmetros de aceitação não publicados na página","Sispack — Produtos","","","","","","","","","","","não aplicável","","",""
"Limpeza, desinfecção, esterilização, indicadores e embalagens","Sispack","Indicador químico VH2O2 tipo 1","CD42","","Indicador químico / tipo 1","Indicador químico para peróxido de hidrogênio","","dimensões e quantidade não publicadas","","","não aplicável","não publicado","","Indicação de exposição a VH2O2, conforme descrição publicada","","","Presença comercial no Brasil confirmada; não usar como integrador tipo 5 sem confirmação","Sispack — Produtos","","","","","","","","","","","não aplicável","","",""
"Limpeza, desinfecção, esterilização, indicadores e embalagens","Sispack","Indicador químico multiparamétrico formaldeído tipo 4","CD50","","Indicador químico / tipo 4","Multiparamétrico","","dimensões e quantidade não publicadas","","","não aplicável","não publicado","","Monitoramento químico de esterilização por formaldeído","","","Presença comercial no Brasil confirmada; faixa de processo e interpretação não publicadas","Sispack — Produtos","","","","","","","","","","","não aplicável","","",""
"Limpeza, desinfecção, esterilização, indicadores e embalagens","Sispack","Integrador químico óxido de etileno tipo 5","IT12","","Indicador químico / integrador tipo 5","Integrador químico","","dimensões e quantidade não publicadas","","","não aplicável","não publicado","","Monitoramento de processo de esterilização por óxido de etileno","","","Presença comercial no Brasil confirmada; critérios detalhados não publicados","Sispack — Produtos","","","","","","","","","","","não aplicável","","",""
"Limpeza, desinfecção, esterilização, indicadores e embalagens","Sispack","Integrador químico vapor tipo 5 INTEGRON","IT26-C","","Indicador químico / integrador tipo 5","Integrador de ponto único, mudança de limite","","dimensões e quantidade não publicadas","","","não aplicável","não publicado","","Monitorização de esterilização a vapor entre 121 °C e 134 °C, conforme fabricante","","","Presença comercial no Brasil confirmada; faixa/tempo devem ser confirmados na IFU vigente","Sispack — IT26-C","","","","","","","","","","","não aplicável","","",""
"Limpeza, desinfecção, esterilização, indicadores e embalagens","Sispack","Indicador biológico vapor 3 h","SP220","","Indicador biológico / vapor","Autocontido, terceira geração","","não aplicável","","","não aplicável","não publicado","","Controle biológico de esterilização a vapor saturado, resposta final em 3 horas","","","Presença comercial no Brasil confirmada; organismo, população e incubadora compatível não publicados na página resumida","Sispack — SP220","","","","","","","","","","","não aplicável","","",""
"Limpeza, desinfecção, esterilização, indicadores e embalagens","Sispack","Indicador biológico vapor 24 h","SP20","","Indicador biológico / vapor","Autocontido","","não aplicável","","","não aplicável","não publicado","","Controle biológico de esterilização a vapor; resposta final em até 24 horas","","","Presença comercial no Brasil confirmada; organismo e população não publicados na página resumida","Sispack — SP20","","","","","","","","","","","não aplicável","","",""
"Limpeza, desinfecção, esterilização, indicadores e embalagens","Sispack","Indicador biológico vapor","BT225","","Indicador biológico / vapor","não publicado","","não aplicável","","","não aplicável","não publicado","","Controle biológico de vapor; especificação operacional deve ser confirmada","","","Presença comercial no Brasil confirmada pelo catálogo; detalhes não publicados na listagem","Sispack — Produtos","","","","","","","","","","","não aplicável","","",""
"Limpeza, desinfecção, esterilização, indicadores e embalagens","Sispack","Indicador biológico vapor","BT98","","Indicador biológico / VH2O2","não publicado","","não aplicável","","","não aplicável","não publicado","","Controle biológico de VH2O2, conforme seção de monitoramento publicada","","","Presença comercial no Brasil confirmada; tempo de leitura não publicado na listagem","Sispack — Produtos","","","","","","","","","","","não aplicável","","",""
"Limpeza, desinfecção, esterilização, indicadores e embalagens","Sispack","Bowie & Dick pacote pronto com folha alerta","BD125X/1","","Indicador químico / Bowie-Dick","Pacote pronto","","dimensões não publicadas","","","não aplicável","pacote","","Teste Bowie-Dick para avaliação de remoção de ar/penetração de vapor em autoclaves compatíveis; confirmar IFU","","","Presença comercial no Brasil confirmada; classe e ciclo não publicados na listagem","Sispack — Produtos","","","","","","","","","","","não aplicável","","",""
"Limpeza, desinfecção, esterilização, indicadores e embalagens","Sispack","Bowie & Dick pacote pronto","BD125X/2","","Indicador químico / Bowie-Dick","Pacote pronto","","dimensões não publicadas","","","não aplicável","pacote","","Teste Bowie-Dick; uso usual, confirmar com fabricante","","","Presença comercial no Brasil confirmada; diferença para BD125X/1 não detalhada na página","Sispack — Produtos","","","","","","","","","","","não aplicável","","",""
"Limpeza, desinfecção, esterilização, indicadores e embalagens","Sispack","Bowie & Dick folha tamanho A4","BDA4","","Indicador químico / Bowie-Dick","Folha A4","","A4; gramatura não publicada","","","não aplicável","folha","","Teste Bowie-Dick; confirmar equipamento e ciclo","","","Presença comercial no Brasil confirmada; especificação de processo não publicada","Sispack — Produtos","","","","","","","","","","","não aplicável","","",""
"Limpeza, desinfecção, esterilização, indicadores e embalagens","Sispack","Bowie & Dick folha tamanho A5","BDA5","","Indicador químico / Bowie-Dick","Folha A5","","A5; gramatura não publicada","","","não aplicável","folha","","Teste Bowie-Dick; confirmar equipamento e ciclo","","","Presença comercial no Brasil confirmada; especificação de processo não publicada","Sispack — Produtos","","","","","","","","","","","não aplicável","","",""
"Limpeza, desinfecção, esterilização, indicadores e embalagens","Sispack","Pacote teste desafio vapor 1 h vácuo e gravidade","PCD222 / KPCD222-C","","Pacote desafio / vapor","Pacote de uso único; PCD com IB e IQ tipo 5","","não aplicável","","","não aplicável","pacote","","Desafiar processos de esterilização a vapor em autoclaves assistidas por bomba; a ficha do KPCD222-C informa IB 1 h, IQ tipo 5 e indicador externo tipo 1","","","Presença comercial no Brasil confirmada; confirmar código exato e versão antes do cadastro","Sispack — PCD222, ficha KPCD222-C","","","","","","","","","","","não aplicável","","",""
"Limpeza, desinfecção, esterilização, indicadores e embalagens","Sispack","Pacote desafio com IB 20 min e IQ tipo 5","KPCD224-C","","Pacote desafio / vapor","Pacote com indicador biológico e integrador químico","","não aplicável","","","não aplicável","pacote","","Monitoramento/desafio do processo a vapor; resposta publicada de 20 minutos","","","Presença comercial no Brasil confirmada; compatibilidade do ciclo deve ser verificada na IFU","Sispack — Produtos","","","","","","","","","","","não aplicável","","",""
"Limpeza, desinfecção, esterilização, indicadores e embalagens","Sispack","Pacote teste desafio","PDC225","","Pacote desafio / processo não detalhado na listagem","Pacote com indicador biológico","","não aplicável","","","não aplicável","pacote","","Pacote teste desafio; página oficial informa produto com resposta final negativa de 7 segundos, mas o método deve ser confirmado na ficha vigente","","","Presença comercial no Brasil confirmada; especificação completa não publicada na listagem","Sispack — PDC225","","","","","","","","","","","não aplicável","","",""
"Limpeza, desinfecção, esterilização, indicadores e embalagens","3M / Solventum","Indicador químico para vapor Attest","1250","","Indicador químico / tipo 4","Tira/indicador químico","","dimensões e quantidade não publicadas na página de categoria","","","não aplicável","não publicado","","Monitoramento químico de vapor, tipo 4","","","Página oficial brasileira confirma produto e identificação; apresentação/dimensões devem ser obtidas na ficha vigente","3M Brasil — 1250","","","","","","","","","","","não aplicável","","",""
"Limpeza, desinfecção, esterilização, indicadores e embalagens","3M / Solventum","Integrador químico para vapor Attest","1243A","","Indicador químico / tipo 5","Integrador químico","","dimensões não publicadas","","","não aplicável","não publicado","","Integração de parâmetros do processo a vapor; confirmar IFU","","","Produto listado oficialmente no Brasil; especificação detalhada não publicada na categoria","3M Brasil — catálogo","","","","","","","","","","","não aplicável","","",""
"Limpeza, desinfecção, esterilização, indicadores e embalagens","3M / Solventum","Integrador químico para vapor Attest","1243B","","Indicador químico / tipo 5","Integrador químico","","dimensões não publicadas","","","não aplicável","caixa com 100 unidades quando nessa apresentação","","Integração de parâmetros do processo a vapor","","","Identificação brasileira HB004747505 para a versão geral e H0001931551 para caixa com 100; confirmar SKU de compra","3M Brasil — 1243B, 3M Brasil — caixa 100","","","","","","","","","","","não aplicável","","",""
"Limpeza, desinfecção, esterilização, indicadores e embalagens","3M / Solventum","Fita indicadora química para vapor Comply","1322","","Indicador químico / fita tipo 1","Fita adesiva","","19 mm x 50 m não publicado para 1322; não confundir com M332","","","não aplicável","rolo; quantidade não publicada","","Indicação de exposição a vapor; não substitui monitoramento interno/biológico","","","Produto publicado oficialmente no Brasil; confirmar largura/comprimento da apresentação","3M Brasil — catálogo","","","","","","","","","","","não aplicável","","",""
"Limpeza, desinfecção, esterilização, indicadores e embalagens","3M / Solventum","Fita branca adesiva para vapor","M332","","Indicador/insumo de embalagem","Fita branca adesiva","","19 mm x 50 m","","","não aplicável","rolo de 50 m","","Fechamento/identificação de embalagens para vapor; confirmar se possui indicador de processo na apresentação adquirida","","","Presença e especificação confirmadas na página brasileira","3M Brasil — M332","","","","","","","","","","","não aplicável","","",""
"Limpeza, desinfecção, esterilização, indicadores e embalagens","3M / Solventum","Indicador químico para VH2O2 Attest","1228","","Indicador químico / tipo 1","Indicador químico","","dimensões e quantidade não publicadas","","","não aplicável","não publicado","","Indicação de exposição a peróxido de hidrogênio vaporizado","","","Produto publicado oficialmente no Brasil; classe publicada como tipo 1","3M Brasil — 1228","","","","","","","","","","","não aplicável","","",""
"Limpeza, desinfecção, esterilização, indicadores e embalagens","3M / Solventum","Indicador químico para VH2O2 Comply","1248","","Indicador químico / VH2O2","Indicador químico","","dimensões e quantidade não publicadas","","","não aplicável","não publicado","","Monitoramento químico para VH2O2; confirmar finalidade exata na IFU","","","Produto publicado oficialmente no Brasil; detalhes de apresentação não publicados na categoria","3M Brasil — catálogo","","","","","","","","","","","não aplicável","","",""
"Limpeza, desinfecção, esterilização, indicadores e embalagens","3M / Solventum","Indicador químico para ETO Comply","1251","","Indicador químico / tipo 4","Indicador químico","","dimensões e quantidade não publicadas","","","não aplicável","não publicado","","Monitoramento químico de óxido de etileno","","","Produto publicado oficialmente no Brasil; classe tipo 4 confirmada","3M Brasil — catálogo","","","","","","","","","","","não aplicável","","",""
"Limpeza, desinfecção, esterilização, indicadores e embalagens","3M / Solventum","Indicador biológico de leitura rápida para vapor Attest","1291","","Indicador biológico / vapor","Indicador biológico autocontido; leitura rápida","","não aplicável","","","não aplicável","não publicado","","Controle biológico de esterilização a vapor; período de incubação publicado na categoria como 1 h para leitura rápida","","","Produto publicado oficialmente no Brasil; organismo/população não publicados na listagem","3M Brasil — 1291","","","","","","","","","","","não aplicável","","",""
"Limpeza, desinfecção, esterilização, indicadores e embalagens","3M / Solventum","Indicador biológico de leitura rápida para vapor Attest","1292","","Indicador biológico / vapor","Indicador biológico autocontido; leitura rápida","","não aplicável","","","não aplicável","não publicado","","Controle biológico de vapor; leitura rápida","","","Produto publicado oficialmente no Brasil; período de incubação e apresentação devem ser confirmados no SKU","3M Brasil — 1292","","","","","","","","","","","não aplicável","","",""
"Limpeza, desinfecção, esterilização, indicadores e embalagens","3M / Solventum","Indicador biológico de leitura super-rápida para vapor Attest","1492V","","Indicador biológico / vapor","Indicador biológico autocontido; leitura super-rápida","","não aplicável","","","não aplicável","não publicado","","Controle biológico de vapor; leitura super-rápida","","","Produto publicado oficialmente no Brasil; compatibilidade com leitora deve ser cadastrada separadamente","3M Brasil — 1492V","","","","","","","","","","","não aplicável","","",""
"Limpeza, desinfecção, esterilização, indicadores e embalagens","3M / Solventum","Indicador biológico de vapor Attest","1262","","Indicador biológico / vapor","Indicador biológico; leitura final negativa em 48 h","","não aplicável","","","não aplicável","não publicado","","Controle biológico de vapor; leitura final negativa em 48 h","","","Produto publicado oficialmente no Brasil; apresentação varia por SKU","3M Brasil — 1262","","","","","","","","","","","não aplicável","","",""
"Limpeza, desinfecção, esterilização, indicadores e embalagens","3M / Solventum","Indicador biológico de vapor Attest","1262B","","Indicador biológico / vapor","Indicador biológico; caixa com 100 ampolas","","não aplicável","","","não aplicável","caixa com 100 ampolas","","Controle biológico de vapor; leitura final negativa em 48 h","","","Especificação e apresentação confirmadas na página brasileira","3M Brasil — 1262B","","","","","","","","","","","não aplicável","","",""
"Limpeza, desinfecção, esterilização, indicadores e embalagens","3M / Solventum","Indicador biológico de vapor Attest","1262BT","","Indicador biológico / vapor","Indicador biológico; caixa com 10 unidades","","não aplicável","","","não aplicável","caixa com 10 unidades","","Controle biológico de vapor; leitura final negativa em 48 h","","","Especificação e apresentação confirmadas na página brasileira","3M Brasil — 1262BT","","","","","","","","","","","não aplicável","","",""
"Limpeza, desinfecção, esterilização, indicadores e embalagens","3M / Solventum","Indicador biológico de VH2O2 Attest","1295","","Indicador biológico / VH2O2","Indicador biológico de leitura rápida","","não aplicável","","","não aplicável","30 por pacote; 4 pacotes por caixa","","Controle biológico de peróxido de hidrogênio vaporizado","","","Produto publicado oficialmente no Brasil; apresentação confirmada na página de categoria","3M Brasil — 1295","","","","","","","","","","","não aplicável","","",""
"Limpeza, desinfecção, esterilização, indicadores e embalagens","3M / Solventum","Indicador biológico para ETO Attest","1264","","Indicador biológico / ETO","Indicador biológico; leitura em 48 h","","não aplicável","","","não aplicável","não publicado","","Controle biológico de óxido de etileno","","","Produto publicado oficialmente no Brasil; especificação de apresentação não publicada na categoria","3M Brasil — catálogo","","","","","","","","","","","não aplicável","","",""
"Limpeza, desinfecção, esterilização, indicadores e embalagens","3M / Solventum","Indicador biológico para ETO Attest","1264S","","Indicador biológico / ETO","Indicador biológico; leitura em 48 h","","não aplicável","","","não aplicável","não publicado","","Controle biológico de óxido de etileno","","","Produto publicado oficialmente no Brasil; confirmar diferença de SKU e apresentação com representante","3M Brasil — catálogo","","","","","","","","","","","não aplicável","","",""
"Limpeza, desinfecção, esterilização, indicadores e embalagens","3M / Solventum","Indicador biológico de leitura rápida para ETO Attest","1294","","Indicador biológico / ETO","Indicador biológico de leitura rápida","","não aplicável","","","não aplicável","não publicado","","Controle biológico de óxido de etileno","","","Produto publicado oficialmente no Brasil; período e apresentação devem ser confirmados na IFU","3M Brasil — 1294","","","","","","","","","","","não aplicável","","",""
"Limpeza, desinfecção, esterilização, indicadores e embalagens","3M / Solventum","Pacote teste desafio de vapor Attest","41382BR","","Pacote desafio / vapor","Pacote pronto com IB 1292 e integrador químico 1243R","","não aplicável","","","não aplicável","caixa com 16 pacotes e 16 ampolas de controle, conforme página do produto","","Monitoramento de rotina e qualificação de esterilização a vapor; página informa ciclos de 121 °C ≥30 min por gravidade e 132 °C ≥4 min por remoção dinâmica de ar","","","Produto publicado oficialmente no Brasil; indicação para autoclaves maiores que 56 L descrita na página do produto","3M Brasil — 41382BR","","","","","","","","","","","não aplicável","","",""
"Limpeza, desinfecção, esterilização, indicadores e embalagens","3M / Solventum","Pacote teste desafio de vapor Attest","41482V","","Pacote desafio / vapor","Pacote com IB 1292 e integrador tipo 5 1243R","","não aplicável","","","não aplicável","não publicado na página resumida","","Monitoramento de rotina/qualificação do processo a vapor; leitura super-rápida publicada","","","Produto publicado oficialmente no Brasil; apresentação completa deve ser confirmada","3M Brasil — 41482V","","","","","","","","","","","não aplicável","","",""
"Limpeza, desinfecção, esterilização, indicadores e embalagens","3M / Solventum","Pacote teste desafio com IB e integrador Comply SteriGage","41482F","","Pacote desafio / vapor","Pacote com IB de leitura final negativa em 1 h e integrador tipo 5","","não aplicável","","","não aplicável","caixa com 24, conforme título da página","","Desafio/monitoramento de esterilização a vapor","","","Produto publicado oficialmente no Brasil; confirmar ciclo e compatibilidade na IFU","3M Brasil — 41482F","","","","","","","","","","","não aplicável","","",""
"Limpeza, desinfecção, esterilização, indicadores e embalagens","3M / Solventum","Pacote teste Bowie-Dick Comply","1233","","Indicador químico / Bowie-Dick","Pacote pronto","","não aplicável","","","não aplicável","caixa com 30, conforme título da página","","Teste Bowie-Dick para autoclaves compatíveis; confirmar ciclo e equipamento","","","Produto publicado oficialmente no Brasil; apresentação confirmada no título","3M Brasil — 1233","","","","","","","","","","","não aplicável","","",""
"Limpeza, desinfecção, esterilização, indicadores e embalagens","3M / Solventum","Pacote teste Bowie-Dick Comply","1233LF BR","","Indicador químico / Bowie-Dick","Pacote pronto","","não aplicável","","","não aplicável","não publicado na página resumida","","Teste Bowie-Dick; uso usual, confirmar com fabricante","","","Produto publicado oficialmente no Brasil; SKU BR confirmado, apresentação não publicada","3M Brasil — 1233LF BR","","","","","","","","","","","não aplicável","","",""
"Limpeza, desinfecção, esterilização, indicadores e embalagens","3M / Solventum","Pacote teste Bowie-Dick Comply","0135LF BR","","Indicador químico / Bowie-Dick","Pacote pronto","","não aplicável","","","não aplicável","não publicado","","Teste Bowie-Dick; uso usual, confirmar com fabricante","","","Produto publicado oficialmente no Brasil; apresentação não publicada","3M Brasil — 0135LF BR","","","","","","","","","","","não aplicável","","",""
"Limpeza, desinfecção, esterilização, indicadores e embalagens","3M / Solventum","Pacote teste Bowie-Dick Comply","1300","","Indicador químico / Bowie-Dick","Pacote pronto","","não aplicável","","","não aplicável","não publicado","","Teste Bowie-Dick; uso usual, confirmar com fabricante","","","Produto publicado oficialmente no Brasil; apresentação não publicada","3M Brasil — 1300","","","","","","","","","","","não aplicável","","",""
"Limpeza, desinfecção, esterilização, indicadores e embalagens","3M / Solventum","Pacote teste Bowie-Dick Comply","1301","","Indicador químico / Bowie-Dick","Pacote pronto","","não aplicável","","","não aplicável","não publicado","","Teste Bowie-Dick; uso usual, confirmar com fabricante","","","Produto publicado oficialmente no Brasil; apresentação não publicada","3M Brasil — 1301","","","","","","","","","","","não aplicável","","",""
"Limpeza, desinfecção, esterilização, indicadores e embalagens","3M / Solventum","Leitora automática Attest","490M","","Equipamento / leitora de IB","Leitora automática mini","","não aplicável","","","não aplicável","unidade","","Leitura automática de indicadores biológicos compatíveis; confirmar modelos suportados","","","Produto publicado oficialmente no Brasil; compatibilidade completa não publicada na categoria","3M Brasil — 490M","","","","","","","","","","","não aplicável","","",""
"Limpeza, desinfecção, esterilização, indicadores e embalagens","3M / Solventum","Sistema de autoleitora Attest vapor/VH2O2","490 DR","","Equipamento / leitora de IB","Sistema de autoleitura","","não aplicável","","","não aplicável","unidade","","Leitura automática para vapor e VH2O2","","","Produto publicado oficialmente no Brasil; compatibilidade detalhada deve ser confirmada","3M Brasil — catálogo","","","","","","","","","","","não aplicável","","",""
"Preparo de pele, lubrificantes, vaselinas, gels, butters e limpeza durante procedimento","Hustle Butter","Deluxe Tattoo Balm — 1 fl oz","não publicado","","Butter/lubrificante de processo","balm em pote","","","","","","1 fl oz; unidade/tubo ou opções de 3 tubs, case 48 e meia case 24 publicadas na página","","","Uso durante a sessão como glide; aplicar pequena quantidade e reaplicar conforme necessário. Também publicado para healing e cuidado diário","Presença comercial brasileira não confirmada nesta pesquisa; especificação confirmada pelo fabricante","","Hustle Butter — 1 fl oz","","","","","","","","","","","","não aplicável","",""
"Preparo de pele, lubrificantes, vaselinas, gels, butters e limpeza durante procedimento","Hustle Butter","Deluxe Tattoo Balm — 5 fl oz","não publicado","","Butter/lubrificante de processo","balm em pote","","","","","","5 fl oz; 1 tub, 3 tubs, case 24","","","Uso durante a sessão como glide; fórmula sem petróleo, vegana, sem parabenos e ftalatos; não interfere no stencil, segundo fabricante","Presença comercial brasileira não confirmada nesta pesquisa; especificação confirmada pelo fabricante","","Hustle Butter — 5 fl oz","","","","","","","","","","","","não aplicável","",""
"Preparo de pele, lubrificantes, vaselinas, gels, butters e limpeza durante procedimento","Hustle Butter","Deluxe Tattoo Balm Packettes","não publicado","","Butter/lubrificante de processo","sachê/packette individual","","","","","","0,25 fl oz por sachê, conforme distribuidor reconhecido; caixas/quantidades totais não confirmadas na página do fabricante consultada","","","Uso usual em bancada e atendimento individual; confirmar com fabricante quanto à apresentação exata por caixa","Presença comercial brasileira não confirmada; tamanho individual confirmado por distribuidor reconhecido","","Eternal Tattoo Supply — Packettes","","","","","","","","","","","","não aplicável","",""
"Preparo de pele, lubrificantes, vaselinas, gels, butters e limpeza durante procedimento","Hustle Butter","Fragrance-Free Tattoo Balm","não publicado","","Butter/lubrificante de processo","balm sem fragrância","","","","","","tamanhos exatos não publicados na página de categoria consultada","","","Uso durante a sessão e cuidados posteriores conforme linha “In-Process” do fabricante; confirmar volume/SKU antes do cadastro","Presença comercial brasileira não confirmada; existência da variação confirmada pelo fabricante","","Hustle Butter — In-Process","","","","","","","","","","","","não aplicável","",""
"Preparo de pele, lubrificantes, vaselinas, gels, butters e limpeza durante procedimento","Hustle Butter","Foaming Tattoo Soap / Hustle Bubbles Foaming Soap — 7 fl oz","não publicado","","Limpeza durante procedimento / sabonete espumante","espuma pronta para uso","","","","","","7 fl oz; unidade","","","Limpador para tatuagem; o fabricante o descreve como cleanser eficaz e substituto de green soap. Uso durante a limpeza do procedimento; seguir rótulo","Presença comercial brasileira não confirmada; especificação de 7 fl oz confirmada pelo fabricante","","Hustle Butter — Foaming Tattoo Soap","","","","","","","","","","","","não aplicável","",""
"Preparo de pele, lubrificantes, vaselinas, gels, butters e limpeza durante procedimento","Electric Ink","Ink Slip","não publicado","","Vaselina/manteiga; lubrificante de processo","pote","","","","","","250 g; pote","","","Manter a pele macia e hidratada durante tatuagem, micropigmentação e estética; facilitar aplicação da agulha e conforto, conforme distribuidor brasileiro","Presença comercial no Brasil confirmada por distribuidor; especificação confirmada pelo distribuidor; registro Anvisa informado na ficha: 25351218749201971","","Equipa Art — Ink Slip 250 g","","","","","","","","","","","","não aplicável","",""
"Preparo de pele, lubrificantes, vaselinas, gels, butters e limpeza durante procedimento","Electric Ink","Ink Slip","não publicado","","Vaselina/manteiga; lubrificante de processo","pote","","","","","","800 g","","","Mesma indicação da linha Ink Slip; tamanho 800 g publicado pelo distribuidor. Uso durante tatuagem; confirmar rótulo/lote","Presença comercial no Brasil confirmada por distribuidor; volume confirmado pelo distribuidor","","Equipa Art — Ink Slip 800 g","","","","","","","","","","","","não aplicável","",""
"Preparo de pele, lubrificantes, vaselinas, gels, butters e limpeza durante procedimento","SkinCare","Vaselina Skincare Gel Tattoo","não publicado","","Vaselina/gel; lubrificante de processo","gel em pote","","","","","","450 g; pote","","","Auxiliar durante tatuagem, proporcionando deslizamento suave das agulhas e reduzindo atrito; contém Mineral Oil, Tocopheryl Acetate e Petrolatum, segundo ficha do distribuidor","Presença comercial no Brasil confirmada por distribuidor; especificação confirmada pelo distribuidor","","Equipa Art — Skincare Gel 450 g","","","","","","","","","","","","não aplicável","",""
"Preparo de pele, lubrificantes, vaselinas, gels, butters e limpeza durante procedimento","SkinCare","Vaselina Skincare Gel","não publicado","","Vaselina/gel; lubrificante de processo","gel em pote","","","","","","900 g","","","Auxiliar durante tatuagem; ficha informa vitamina E, sem cheiro e função coadjuvante; detalhes completos de composição não publicados na página consultada","Presença comercial no Brasil confirmada por distribuidor; volume confirmado pelo distribuidor","","Equipa Art — Skincare Gel 900 g","","","","","","","","","","","","não aplicável","",""
"Preparo de pele, lubrificantes, vaselinas, gels, butters e limpeza durante procedimento","SkinCare","FluxuGel Tattoo","não publicado","","Vaselina/emoliente; butter/lubrificante","pote","","","","","","900 g","","","Auxiliar na fixação da tatuagem, conforto e recuperação da pele; ficha cita vitamina E, óleo de buriti e extratos vegetais amazônicos","Presença comercial no Brasil confirmada por distribuidor; especificação confirmada pelo distribuidor","","Equipa Art — FluxuGel 900 g","","","","","","","","","","","","não aplicável","",""
"Preparo de pele, lubrificantes, vaselinas, gels, butters e limpeza durante procedimento","SkinCare","Ease Clean — Skin Care Tattoo","não publicado","","Limpeza durante procedimento / sabonete líquido","líquido pronto para uso em garrafa","","","","","","1 L; garrafa","","","Sabonete à base de arnica, calêndula e camomila; ficha indica uso em qualquer momento do processo de aplicação da tatuagem e aplicação de camada fina, aguardando alguns minutos","Presença comercial no Brasil confirmada por distribuidor; volume, composição declarada e pronto-uso confirmados pelo distribuidor","","Equipa Art — Ease Clean 1 L","","","","","","","","","","","","não aplicável","",""
"Preparo de pele, lubrificantes, vaselinas, gels, butters e limpeza durante procedimento","Reilly Tattoo","Vasigel Finalizador","não publicado","","Gel finalizador/cuidado pós-procedimento","gel em pote","","","","","","300 g","","","Finalizar tatuagens; ficha do distribuidor cita hidratação, redução de irritações, minimização de poros e sensação de frescor","Presença comercial no Brasil confirmada por distribuidor; especificação confirmada pelo distribuidor","","Equipa Art — Vasigel Reilly Tattoo 300 g","","","","","","","","","","","","não aplicável","",""
"Preparo de pele, lubrificantes, vaselinas, gels, butters e limpeza durante procedimento","Reilly Tattoo","Vaselina Reilly Tattoo","não publicado","","Vaselina/manteiga; lubrificante de processo","pote","","","","","","500 g","","","Ficha informa auxílio na redução do sangramento e facilitação da aplicação da tinta; uso durante procedimento","Presença comercial no Brasil confirmada por distribuidor; especificação confirmada pelo distribuidor","","Equipa Art — Vaselina Reilly Tattoo 500 g","","","","","","","","","","","","não aplicável","",""
"Preparo de pele, lubrificantes, vaselinas, gels, butters e limpeza durante procedimento","Mboah","Tattoo Coconut","não publicado","","Vaselina/manteiga; lubrificante de processo","pote","","","","","","440 g","","","Produto listado como vaselina para tatuagem; indicação específica e composição detalhada não publicados na página consultada — uso usual, confirmar com fabricante","Presença comercial no Brasil confirmada por distribuidor; volume confirmado; indicação técnica não confirmada pelo fabricante na fonte consultada","","Equipa Art — Mboah Tattoo Coconut 440 g","","","","","","","","","","","","não aplicável","",""
"Preparo de pele, lubrificantes, vaselinas, gels, butters e limpeza durante procedimento","Vaselina Jelly","Tattoo Jelly","não publicado","","Vaselina/manteiga; lubrificante de processo","pote","","","","","","200 g","","","Ficha de produto similar do distribuidor; linha descrita com vitaminas A e D em outra apresentação, mas composição/indicação do SKU de 200 g não detalhadas — uso usual, confirmar com fabricante","Presença comercial no Brasil confirmada por distribuidor; volume confirmado; especificação de composição do SKU não confirmada","","Equipa Art — Jelly 200 g","","","","","","","","","","","","não aplicável","",""
"Preparo de pele, lubrificantes, vaselinas, gels, butters e limpeza durante procedimento","Vaselina Jelly","Tattoo Jelly","não publicado","","Vaselina/manteiga; lubrificante de processo","pote","","","","","","440 g","","","Ficha informa vitaminas A e D e consistência especial; indicação conservadora: uso como lubrificante de processo — confirmar com fabricante","Presença comercial no Brasil confirmada por distribuidor; volume e vitaminas publicados pelo distribuidor","","Equipa Art — Jelly 440 g","","","","","","","","","","","","não aplicável","",""
"Preparo de pele, lubrificantes, vaselinas, gels, butters e limpeza durante procedimento","Vaselina Jelly","Tattoo Jelly","não publicado","","Vaselina/manteiga; lubrificante de processo","pote","","","","","","730 g","","","Ficha informa A&D e pantenol, pele preparada/hidratada/protegida; uso durante procedimento conforme descrição comercial — confirmar rótulo","Presença comercial no Brasil confirmada por distribuidor; volume e ativos publicados pelo distribuidor","","Equipa Art — Jelly 730 g","","","","","","","","","","","","não aplicável","",""
"Preparo de pele, lubrificantes, vaselinas, gels, butters e limpeza durante procedimento","Cosco","Tincture of Green Soap","não publicado","","Limpeza/preparo de pele; green soap concentrado","líquido concentrado","","","","","","473 ml e 3,75 L (1 gallon)","","","Limpeza/preparo e uso em stencil conforme distribuidor; diluição exata deve seguir rótulo/ficha do fabricante","Presença comercial em distribuidor internacional reconhecido; presença comercial brasileira não confirmada","","Barber DTS — 473 ml; Barber DTS — 1 gallon","","","","","","","","","","","","não aplicável","",""
"Preparo de pele, lubrificantes, vaselinas, gels, butters e limpeza durante procedimento","Panthera","Green Soap Concentrate","não publicado","","Limpeza/preparo de pele; green soap concentrado","concentrado líquido","","","","","","500 ml e 1 L, conforme listagem do distribuidor","","","Sabonete verde concentrado para limpeza; diluição e modo de uso não detalhados na listagem consultada — uso usual, confirmar com fabricante","Presença comercial em distribuidor reconhecido; presença brasileira não confirmada","","Barber DTS — Hygiene & Cleaning","","","","","","","","","","","","não aplicável","",""
"Preparo de pele, lubrificantes, vaselinas, gels, butters e limpeza durante procedimento","Unistar","Green Soap","não publicado","","Limpeza/preparo de pele","líquido","","","","","","1 L / 1000 ml","","","Green soap para limpeza; indicação detalhada e diluição não publicadas na página consultada — uso usual, confirmar com fabricante","Presença comercial em distribuidor reconhecido; presença brasileira não confirmada","","Barber DTS — Unistar Green Soap","","","","","","","","","","","","não aplicável","",""
"Preparo de pele, lubrificantes, vaselinas, gels, butters e limpeza durante procedimento","Biotat","Numbing Green Soap Concentrated","não publicado","","Limpeza durante procedimento; green soap concentrado","concentrado líquido","","","","","","tamanhos/volumes variáveis; não publicados integralmente na página de categoria","","","Produto listado como green soap concentrado com efeito anestésico pela linha; não cadastrar alegação anestésica sem rótulo/ficha regulatória","Presença comercial em distribuidor reconhecido; presença brasileira não confirmada","","Barber DTS — Hygiene & Cleaning","","","","","","","","","","","","não aplicável","",""
"Preparo de pele, lubrificantes, vaselinas, gels, butters e limpeza durante procedimento","Biotat","Numbing Green Soap Ready to Use","não publicado","","Limpeza durante procedimento; sabonete pronto para uso","líquido pronto para uso","","","","","","500 ml","","","Produto listado como green soap pronto para uso; finalidade detalhada e alegações anestésicas devem ser validadas no rótulo/ficha","Presença comercial em distribuidor reconhecido; presença brasileira não confirmada","","Barber DTS — Ready to Use 500 ml","","","","","","","","","","","","não aplicável","",""
"Preparo de pele, lubrificantes, vaselinas, gels, butters e limpeza durante procedimento","Proton","Blue Soap","não publicado","","Limpeza durante procedimento","líquido","","","","","","500 ml / 17 oz","","","Sabonete para limpeza; indicação técnica detalhada não publicada na listagem — uso usual, confirmar com fabricante","Presença comercial em distribuidor reconhecido; presença brasileira não confirmada","","Barber DTS — Proton Blue Soap","","","","","","","","","","","","não aplicável","",""
"Preparo de pele, lubrificantes, vaselinas, gels, butters e limpeza durante procedimento","Penny Black","Foam Wash — Bubblegum","não publicado","","Limpeza durante procedimento; espuma","espuma pronta para uso","","","","","","200 ml, apesar do slug mencionar 150 ml; priorizar título exibido e confirmar embalagem","","","Foam wash para limpeza; fragrância Bubblegum publicada; uso usual, confirmar com fabricante","Presença comercial em distribuidor reconhecido; presença brasileira não confirmada","","Barber DTS — Bubblegum","","","","","","","","","","","","não aplicável","",""
"Preparo de pele, lubrificantes, vaselinas, gels, butters e limpeza durante procedimento","Penny Black","Foam Wash — Raspberry","não publicado","","Limpeza durante procedimento; espuma","espuma pronta para uso","","","","","","200 ml","","","Foam wash para limpeza; fragrância Raspberry publicada; uso usual, confirmar com fabricante","Presença comercial em distribuidor reconhecido; presença brasileira não confirmada","","Barber DTS — Raspberry","","","","","","","","","","","","não aplicável","",""
"Preparo de pele, lubrificantes, vaselinas, gels, butters e limpeza durante procedimento","Proton","Pink Professional Stencil Primer Airless System","não publicado","","Preparo de pele; primer/gel de stencil","sistema airless","","","","","","250 ml / 8,5 oz","","","Primer profissional para stencil; cor Pink publicada; aplicar somente conforme instruções do rótulo","Presença comercial em distribuidor reconhecido; presença brasileira não confirmada","","Barber DTS — Proton Pink","","","","","","","","","","","","não aplicável","",""
"Preparo de pele, lubrificantes, vaselinas, gels, butters e limpeza durante procedimento","Proton","Blue Professional Stencil Primer Airless System","não publicado","","Preparo de pele; primer/gel de stencil","sistema airless","","","","","","250 ml / 8,5 oz","","","Primer profissional para stencil; cor Blue publicada; seguir rótulo","Presença comercial em distribuidor reconhecido; presença brasileira não confirmada","","Barber DTS — Proton Blue","","","","","","","","","","","","não aplicável","",""
"Preparo de pele, lubrificantes, vaselinas, gels, butters e limpeza durante procedimento","Proton","Black Label Professional Stencil Primer Airless System","não publicado","","Preparo de pele; primer/gel de stencil","sistema airless","","","","","","250 ml / 8,5 oz","","","Primer profissional para stencil; cor Black Label publicada; seguir rótulo","Presença comercial em distribuidor reconhecido; presença brasileira não confirmada","","Barber DTS — Proton Black Label","","","","","","","","","","","","não aplicável","",""
"Preparo de pele, lubrificantes, vaselinas, gels, butters e limpeza durante procedimento","Electrum","Skin Prep & Stencil Repositioner","não publicado","","Preparo de pele; reposicionador de stencil","líquido em frasco","","","","","","8 oz / 240 ml","","","Preparação da pele e reposicionamento de stencil, conforme nome e categoria do distribuidor; seguir instruções do fabricante","Presença comercial em distribuidor reconhecido; presença brasileira não confirmada","","Barber DTS — Electrum Skin Prep","","","","","","","","","","","","não aplicável","",""
"Preparo de pele, lubrificantes, vaselinas, gels, butters e limpeza durante procedimento","Stencil Stuff","The Original Stencil Stuff","não publicado","","Preparo de pele; solução/gel de stencil","solução/gel","","","","","","4 oz / 120 ml e 250 ml","","","Gel/solução para transferência de stencil; aplicação conforme fabricante; não confundir com lubrificante de processo","Presença comercial em distribuidor reconhecido; presença brasileira não confirmada","","Barber DTS — 120 ml; Barber DTS — 250 ml","","","","","","","","","","","","não aplicável","",""
"Preparo de pele, lubrificantes, vaselinas, gels, butters e limpeza durante procedimento","Hornet","Honey Stencil Gel","não publicado","","Preparo de pele; gel de stencil","gel","","","","","","250 ml","","","Gel de stencil; indicação derivada do nome/categoria da ficha — uso usual, confirmar com fabricante","Presença comercial em distribuidor reconhecido; presença brasileira não confirmada","","Barber DTS — Hornet Honey","","","","","","","","","","","","não aplicável","",""
"Pós-tatuagem: filmes, curativos, sabonetes, cremes e kits de cuidados","Saniderm","Original Tattoo Bandage 10-Pack Small","não publicado na página consultada","","Filme/curativo adesivo transparente","Pré-cortado, 4 x 4 in (10,2 x 10,2 cm)","","","","","","","","","","","","","","","","Espessura: não publicada; agulhas/pontas/taper: não aplicável","Pacote com 10 unidades; estéril e selado individualmente","","","","","","","","Novas tatuagens, abrasões, lacerações e proteção contra fricção; fabricante orienta margem mínima de 1 in e não usar por mais de 7 dias consecutivos","Especificação confirmada pelo fabricante; presença no Brasil não confirmada na fonte direta"
"Pós-tatuagem: filmes, curativos, sabonetes, cremes e kits de cuidados","Saniderm","Original Tattoo Bandage 3-Pack Medium","não publicado na página consultada","","Filme/curativo adesivo transparente","Pré-cortado, 6 x 8 in (15,2 x 20,3 cm)","","","","","","","","","","","","","","","","Espessura: não publicada; agulhas/pontas/taper: não aplicável","Pacote com 3 unidades, estéreis e seladas individualmente","","","","","","","","Mesma indicação e protocolo do Original; primeira aplicação até 24 h, segunda 3–5 dias, limite consecutivo de 7 dias","Especificação confirmada; presença no Brasil não confirmada"
"Pós-tatuagem: filmes, curativos, sabonetes, cremes e kits de cuidados","Saniderm","Original Tattoo Bandage 3-Pack Large","SDPP8V1","","Filme/curativo adesivo transparente","Pré-cortado, 8 x 10 in (20,3 x 25,4 cm)","","","","","","","","","","","","","","","","Espessura: não publicada; agulhas/pontas/taper: não aplicável","Pacote com 3 curativos estéreis, adesivos e transparentes","","","","","","","","Novas tatuagens, abrasões, lacerações e proteção de pele contra fricção; fabricante publica margem de 1 in","Especificação confirmada; presença no Brasil não confirmada"
"Pós-tatuagem: filmes, curativos, sabonetes, cremes e kits de cuidados","Saniderm","Original Tattoo Bandage 25-Pack Large","não publicado na página consultada","","Filme/curativo adesivo transparente","Pré-cortado, 8 x 10 in","","","","","","","","","","","","","","","","Espessura: não publicada; agulhas/pontas/taper: não aplicável","Pacote profissional com 25 unidades","","","","","","","","Uso profissional para novas tatuagens e feridas superficiais conforme instruções do fabricante; confirmar disponibilidade e registro/importação antes do cadastro brasileiro","Especificação confirmada; presença comercial no Brasil não confirmada"
"Pós-tatuagem: filmes, curativos, sabonetes, cremes e kits de cuidados","Saniderm","Original Tattoo Bandage Roll Small","não publicado na página consultada","","Filme/curativo em rolo","Rolo 4 in x 8 yd (10,2 cm x 7,32 m)","","","","","","","","","","","","","","","","Espessura: não publicada; agulhas/pontas/taper: não aplicável","Rolo profissional estéril/selado; unidade não publicada na página consultada","","","","","","","","Corte sob medida para cobrir a tatuagem e margem; fabricante indica barreira contra poeira, bactérias, umidade e fricção","Especificação confirmada; presença no Brasil não confirmada"
"Pós-tatuagem: filmes, curativos, sabonetes, cremes e kits de cuidados","Saniderm","Original Tattoo Bandage Roll Medium","não publicado na página consultada","","Filme/curativo em rolo","Rolo 6 in x 8 yd (15,2 cm x 7,32 m)","","","","","","","","","","","","","","","","Espessura: não publicada; agulhas/pontas/taper: não aplicável","Rolo profissional","","","","","","","","Mesma indicação técnica do Original; seguir instruções do fabricante e avaliação da tolerância ao adesivo","Especificação confirmada; presença no Brasil não confirmada"
"Pós-tatuagem: filmes, curativos, sabonetes, cremes e kits de cuidados","Saniderm","Original Tattoo Bandage Roll Large","não publicado na página consultada","","Filme/curativo em rolo","Rolo 8 in x 8 yd (20,3 cm x 7,32 m)","","","","","","","","","","","","","","","","Espessura: não publicada; agulhas/pontas/taper: não aplicável","Rolo profissional","","","","","","","","Mesma indicação técnica do Original","Especificação confirmada; presença no Brasil não confirmada"
"Pós-tatuagem: filmes, curativos, sabonetes, cremes e kits de cuidados","Saniderm","Original Tattoo Bandage Roll Extra Large","SDRL10V1","","Filme/curativo em rolo","Rolo 10,2 in x 8 yd (25,9 cm x 7,32 m)","","","","","","","","","","","","","","","","Espessura: não publicada; agulhas/pontas/taper: não aplicável","1 rolo selado e estéril","","","","","","","","Novas tatuagens, abrasões, lacerações e proteção contra fricção; impermeável e respirável segundo o fabricante","Especificação confirmada; presença no Brasil não confirmada"
"Pós-tatuagem: filmes, curativos, sabonetes, cremes e kits de cuidados","Recovery Aftercare","Derm Shield","não publicado na página consultada","","Filme/curativo adesivo para tatuagem","Filme cortado sob medida, aplicado com margem de 1–2 in","","","","","","","","","","","","","","","","Espessura: não publicada; agulhas/pontas/taper: não aplicável","Apresentação/medidas/quantidade: não publicadas na instrução consultada","","","","","","","","Primeira aplicação por 24 h conforme exsudação; segunda por vários dias; terceira se necessário; nenhuma peça por mais de 1 semana. Não aplicar em ferida infectada; cautela para alergia a adesivo","Fabricante publica instrução; presença comercial no Brasil não confirmada"
"Pós-tatuagem: filmes, curativos, sabonetes, cremes e kits de cuidados","H2Ocean","Blue Green Foam Soap","não publicado na página consultada","","Sabonete/espuma de limpeza pós-tatuagem","Espuma, sem fragrância, à base de água e sal marinho","","","","","","","","","","","","","","","","Pontas/agulhas/taper/diâmetro/espessura: não aplicável","No Extreme Kit: 1,7 oz; tamanho avulso adicional: não publicado na página consultada","","","","","","","","Limpeza de secreções, resíduos e bactérias; no kit, fabricante orienta 3–4 aplicações/dia; ingrediente ativo publicado: cloreto de benzalcônio 0,13%","Especificação confirmada; presença no Brasil não confirmada"
"Pós-tatuagem: filmes, curativos, sabonetes, cremes e kits de cuidados","H2Ocean","Ocean Care Tattoo Aftercare Skin Moisturizing Cream/Lotion","não publicado na página consultada","","Creme/loção hidratante pós-tatuagem","Loção sem fragrância, à base de água, enriquecida com vitaminas","","","","","","","","","","","","","","","","Não aplicável","No Extreme Kit: 74 g; apresentação avulsa: página publica produto, mas não medida no trecho consultado","","","","","","","","Hidratar e proteger; no Extreme Kit, substituir Aquatat a partir do terceiro dia e usar como hidratação posterior","Especificação confirmada; presença no Brasil não confirmada"
"Pós-tatuagem: filmes, curativos, sabonetes, cremes e kits de cuidados","H2Ocean","Ocean Foam Skin Moisturizing Foam","não publicado na página consultada","","Espuma hidratante/protetora","Espuma de barreira","","","","","","","","","","","","","","","","Não aplicável","Incluída no Ultimate Tattoo Care Kit; tamanho avulso não publicado no trecho consultado","","","","","","","","No Ultimate Kit, iniciar no segundo dia, em camada fina antes de dormir; fabricante descreve função de hidratar, proteger e “lock” da tinta","Especificação confirmada; presença no Brasil não confirmada"
"Pós-tatuagem: filmes, curativos, sabonetes, cremes e kits de cuidados","H2Ocean","Aquatat Tattoo Healing Ointment","não publicado na página consultada","","Pomada/bálsamo pós-tatuagem","Pomada fina, à base de petrolato","","","","","","","","","","","","","","","","Não aplicável","No Extreme Kit: 1,75 oz; avulsa: fabricante publica faixa de US$ 5–20, sem tamanho único confirmado no trecho","","","","","","","","No Extreme Kit, camada muito fina nos dois primeiros dias; fabricante a associa a redução de descamação/coceira, especialmente em áreas secas; não extrapolar para indicação médica","Especificação confirmada; presença no Brasil não confirmada"
"Pós-tatuagem: filmes, curativos, sabonetes, cremes e kits de cuidados","H2Ocean","Ultimate Tattoo Care Kit","não publicado na página consultada","","Kit de cuidados pós-tatuagem, sistema de 3 etapas","Blue Green Foam Soap + Ocean Care lotion + Ocean Foam","","","","","","","","","","","","","","","","Não aplicável","Kit completo; quantidades individuais não detalhadas na página consultada","","","","","","","","Fabricante descreve cuidado de todas as fases; sabonete 3–4 vezes/dia, loção após limpeza e Ocean Foam a partir do dia 2; indica uso em tatuagens de sombreado leve a costas inteiras","Produto publicado pelo fabricante; presença comercial no Brasil não confirmada"
"Pós-tatuagem: filmes, curativos, sabonetes, cremes e kits de cuidados","H2Ocean","Extreme Tattoo Care Kit","não publicado na página consultada","","Kit de cuidados pós-tatuagem, sistema de 3 etapas","Blue Green Foam Soap + Ocean Care moisturizer + Aquatat ointment","","","","","","","","","","","","","","","","Não aplicável","1,7 oz sabonete + 74 g hidratante + 1,75 oz pomada","","","","","","","","Fabricante orienta sabonete 3–4 vezes/dia, Aquatat nos dois primeiros dias e Ocean Care desde o terceiro; direcionado a áreas extremas/pele seca segundo a própria descrição","Produto publicado pelo fabricante; presença comercial no Brasil não confirmada"
"Pós-tatuagem: filmes, curativos, sabonetes, cremes e kits de cuidados","Tattoo Goo","Antimicrobial Soap","não publicado na página consultada","","Sabonete líquido antimicrobiano","Frasco pump, sem fragrância e sem álcool","","","","","","","","","","","","","","","","Não aplicável; ativo publicado: chloroxylenol 0,5%","Frasco pump de 3 oz; a página informa que é a nova embalagem maior","","","","","","","","Limpeza profunda de tatuagens e piercings; fabricante orienta tatuagem 2–3 vezes/dia, enxaguar e secar por toque; não confundir com esterilidade","Especificação confirmada; presença no Brasil não confirmada"
"Pós-tatuagem: filmes, curativos, sabonetes, cremes e kits de cuidados","Tattoo Goo","Pro Foam Soap","não publicado na página consultada","","Sabonete em espuma","Espuma","","","","","","","","","","","","","","","","Quantidade/ingredientes/apresentação: não publicados na página consultada","Não publicado","","","","","","","","Uso usual, confirmar com fabricante: limpeza suave de tatuagem; o produto aparece no catálogo oficial, mas a ficha consultada não permitiu confirmar tamanho e indicação detalhada","Existência da linha confirmada; especificação detalhada e presença no Brasil não confirmadas"
"Pós-tatuagem: filmes, curativos, sabonetes, cremes e kits de cuidados","Tattoo Goo","Tattoo Care Lotion","não publicado na página consultada","","Loção hidratante pós-tatuagem","Loção","","","","","","","","","","","","","","","","Quantidade e composição: não publicados na página consultada","Não publicado","","","","","","","","Uso usual, confirmar com fabricante: hidratação de pele tatuada; a própria página do sabonete recomenda combinar com balm ou lotion, mas não publica ficha completa desta linha","Existência da linha confirmada; especificação detalhada e presença no Brasil não confirmadas"
"Pós-tatuagem: filmes, curativos, sabonetes, cremes e kits de cuidados","Tattoo Goo","Tattoo Balm","não publicado na página consultada","","Bálsamo/pomada pós-tatuagem","Bálsamo","","","","","","","","","","","","","","","","Quantidade e composição: não publicados na página consultada","Não publicado","","","","","","","","Uso usual, confirmar com fabricante: hidratação/proteção de tatuagem em recuperação; não registrar como indicação terapêutica","Existência da linha confirmada; especificação detalhada e presença no Brasil não confirmadas"
"Pós-tatuagem: filmes, curativos, sabonetes, cremes e kits de cuidados","Tattoo Goo","Tattoo Essentials Bundle","não publicado na página consultada","","Kit/bundle pós-tatuagem","Composição exata: não publicada na página consultada","","","","","","","","","","","","","","","","Não aplicável","Bundle; quantidade de componentes não publicada na ficha consultada","","","","","","","","Uso usual, confirmar com fabricante: conjunto de produtos de aftercare; não cadastrar componentes sem confirmar a composição vigente do bundle","Existência do bundle confirmada; composição e presença no Brasil não confirmadas"
"Pós-tatuagem: filmes, curativos, sabonetes, cremes e kits de cuidados","Hustle Butter","Deluxe Tattoo Balm 1 fl oz","não publicado na página consultada","","Bálsamo pós-tatuagem","Pote/embalagem de 1 fl oz","","","","","","","","","","","","","","","","Não aplicável","1 fl oz, versão travel-ready","","","","","","","","Fabricante posiciona como balm para cuidado de tatuagem; indicação conservadora: hidratação/proteção cosmética durante recuperação, confirmar com fabricante","Especificação confirmada; presença no Brasil não confirmada"
"Pós-tatuagem: filmes, curativos, sabonetes, cremes e kits de cuidados","Hustle Butter","Deluxe Tattoo Balm 5 fl oz","não publicado na página consultada","","Bálsamo pós-tatuagem","Pote de 5 fl oz","","","","","","","","","","","","","","","","Não aplicável","5 fl oz","","","","","","","","Cuidado cosmético da tatuagem durante e após a sessão conforme categorização oficial; não registrar como medicamento","Especificação confirmada; presença no Brasil não confirmada"
"Pós-tatuagem: filmes, curativos, sabonetes, cremes e kits de cuidados","Hustle Butter","Fragrance-Free Tattoo Balm 1 fl oz","não publicado na página consultada","","Bálsamo pós-tatuagem sem fragrância","Pote de 1 fl oz","","","","","","","","","","","","","","","","Não aplicável","1 fl oz","","","","","","","","Bálsamo sem fragrância para cuidado de tatuagem; uso usual, confirmar com fabricante para protocolo individual","Especificação confirmada; presença no Brasil não confirmada"
"Pós-tatuagem: filmes, curativos, sabonetes, cremes e kits de cuidados","Hustle Butter","Fragrance-Free Tattoo Balm 5 fl oz","não publicado na página consultada","","Bálsamo pós-tatuagem sem fragrância","Pote de 5 fl oz","","","","","","","","","","","","","","","","Não aplicável","5 fl oz","","","","","","","","Bálsamo sem fragrância para cuidado de tatuagem; uso usual, confirmar com fabricante","Especificação confirmada; presença no Brasil não confirmada"
"Pós-tatuagem: filmes, curativos, sabonetes, cremes e kits de cuidados","Hustle Butter","Foaming Tattoo Soap","não publicado na página consultada","","Sabonete/espuma de limpeza","Espuma, versão de 7 fl oz e versão de 3,4 fl oz publicadas separadamente","","","","","","","","","","","","","","","","Não aplicável","3,4 fl oz e 7 fl oz","","","","","","","","Fabricante descreve como limpador para manter tatuagem nova limpa e substituto de green soap; uso externo e seguir rótulo","Especificação confirmada; presença no Brasil não confirmada"
"Pós-tatuagem: filmes, curativos, sabonetes, cremes e kits de cuidados","Hustle Butter","Daily Rejuvenating Lotion","não publicado na página consultada","","Loção hidratante para cuidado diário","Loção","","","","","","","","","","","","","","","","Não aplicável","3 fl oz e apresentação regular sem volume explicitado no trecho consultado","","","","","","","","Cuidado diário para pele e tatuagens cicatrizadas; para tatuagem recém-feita, classificar como uso usual e confirmar protocolo","Especificação confirmada; presença no Brasil não confirmada"
"Pós-tatuagem: filmes, curativos, sabonetes, cremes e kits de cuidados","Hustle Butter","Tattoo Aftercare Wrap Small","não publicado na página consultada","","Filme/curativo pós-tatuagem","Wrap pequeno; dimensões exatas não publicadas na página consultada","","","","","","","","","","","","","","","","Espessura: não publicada; não aplicável a agulhas/taper","Apresentação Small","","","","","","","","Fabricante descreve proteção de arte fresca durante cicatrização; tamanho exato, material e adesivo não publicados","Existência e tamanho comercial confirmados; especificação dimensional e presença no Brasil não confirmadas"
"Pós-tatuagem: filmes, curativos, sabonetes, cremes e kits de cuidados","Hustle Butter","Tattoo Aftercare Wrap Large","não publicado na página consultada","","Filme/curativo pós-tatuagem","Wrap grande; dimensões exatas não publicadas na página consultada","","","","","","","","","","","","","","","","Espessura: não publicada; não aplicável a agulhas/taper","Apresentação Large","","","","","","","","Fabricante descreve proteção de arte fresca durante cicatrização; não inferir impermeabilidade, esterilidade ou tempo máximo sem ficha técnica","Existência e tamanho comercial confirmados; especificação dimensional e presença no Brasil não confirmadas"
"Pós-tatuagem: filmes, curativos, sabonetes, cremes e kits de cuidados","Bepanthen","Tattoo Intense Care Ointment","não publicado na fonte de distribuidor consultada","","Pomada/creme pós-tatuagem","Pomada em tubo","","","","","","","","","","","","","","","","Não aplicável","30 g publicado por distribuidores reconhecidos; Care to Beauty apresenta venda para o Brasil","","","","","","","","Distribuidor descreve cuidado intensivo/regeneração de pele tatuada e preservação das cores; confirmar fabricante local, rotulagem brasileira e indicação regulatória antes de vender/aplicar","Presença comercial no Brasil indicada pela página Care to Beauty; especificação de fabricante não validada diretamente no portal brasileiro do fabricante"