"source_block","brand","product_line_model","source_sku_reference","category","configuration_family","configuration_raw","needle_diameter_mm","needle_diameter_raw","needle_count","needle_count_raw","taper","presentation","application","brazil_market_evidence","source_reference","variant_level","data_status","sort_category","sort_brand","sort_line","sort_configuration","sort_count","sort_diameter"
"Batoques, copos de tinta, suportes e acessórios de pigmento","Kwadron","CUP INK GLUE","não publicado","Adesivo para copos/batoques","","não aplicável; massa de 50 g","","","","","","1 embalagem de 50 g","Fixação de copos à superfície/bandeja; uso usual, confirmar com fabricante","","[1]","família/modelo","Fonte técnica modelada","adesivo para copos/batoques","kwadron","cup ink glue","999","999","00099"
"Pós-tatuagem: filmes, curativos, sabonetes, cremes e kits de cuidados","Hustle Butter","Deluxe Tattoo Balm 1 fl oz","não publicado na página consultada","Bálsamo pós-tatuagem","","Pote/embalagem de 1 fl oz","","","","","","1 fl oz, versão travel-ready","Fabricante posiciona como balm para cuidado de tatuagem; indicação conservadora: hidratação/proteção cosmética durante recuperação, confirmar com fabricante","Especificação confirmada; presença no Brasil não confirmada","","família/modelo","Referência técnica — validar Brasil/SKU","bálsamo pós-tatuagem","hustle butter","deluxe tattoo balm 1 fl oz","999","999","00099"
"Pós-tatuagem: filmes, curativos, sabonetes, cremes e kits de cuidados","Hustle Butter","Deluxe Tattoo Balm 5 fl oz","não publicado na página consultada","Bálsamo pós-tatuagem","","Pote de 5 fl oz","","","","","","5 fl oz","Cuidado cosmético da tatuagem durante e após a sessão conforme categorização oficial; não registrar como medicamento","Especificação confirmada; presença no Brasil não confirmada","","família/modelo","Referência técnica — validar Brasil/SKU","bálsamo pós-tatuagem","hustle butter","deluxe tattoo balm 5 fl oz","999","999","00099"
"Pós-tatuagem: filmes, curativos, sabonetes, cremes e kits de cuidados","Hustle Butter","Fragrance-Free Tattoo Balm 1 fl oz","não publicado na página consultada","Bálsamo pós-tatuagem sem fragrância","","Pote de 1 fl oz","","","","","","1 fl oz","Bálsamo sem fragrância para cuidado de tatuagem; uso usual, confirmar com fabricante para protocolo individual","Especificação confirmada; presença no Brasil não confirmada","","família/modelo","Referência técnica — validar Brasil/SKU","bálsamo pós-tatuagem sem fragrância","hustle butter","fragrance-free tattoo balm 1 fl oz","999","999","00099"
"Pós-tatuagem: filmes, curativos, sabonetes, cremes e kits de cuidados","Hustle Butter","Fragrance-Free Tattoo Balm 5 fl oz","não publicado na página consultada","Bálsamo pós-tatuagem sem fragrância","","Pote de 5 fl oz","","","","","","5 fl oz","Bálsamo sem fragrância para cuidado de tatuagem; uso usual, confirmar com fabricante","Especificação confirmada; presença no Brasil não confirmada","","família/modelo","Referência técnica — validar Brasil/SKU","bálsamo pós-tatuagem sem fragrância","hustle butter","fragrance-free tattoo balm 5 fl oz","999","999","00099"
"Pós-tatuagem: filmes, curativos, sabonetes, cremes e kits de cuidados","Tattoo Goo","Tattoo Balm","não publicado na página consultada","Bálsamo/pomada pós-tatuagem","","Bálsamo","","","","","","Não publicado","Uso usual, confirmar com fabricante: hidratação/proteção de tatuagem em recuperação; não registrar como indicação terapêutica","Existência da linha confirmada; especificação detalhada e presença no Brasil não confirmadas","","família/modelo","Pendente de validação de SKU","bálsamo/pomada pós-tatuagem","tattoo goo","tattoo balm","999","999","00099"
"Batoques, copos de tinta, suportes e acessórios de pigmento","Kwadron","Clear Cut Trays","não publicado","Bandeja/conjunto de copos de corte","","bandeja transparente; medidas não publicadas","","","","","","600 unidades","Organização de copos e pigmentos; uso usual, confirmar com fabricante","","[1]","família/modelo","Fonte técnica modelada","bandeja/conjunto de copos de corte","kwadron","clear cut trays","999","999","00099"
"Máquinas, grips, fontes, baterias e cabos","Peak","Forge-C 3.5 mm Battery","não publicado","Bateria sem fio com saída 3,5 mm","","variante de conector 3,5 mm mencionada na ficha do Forge-C","","aproximadamente 50 mm × 32 mm, se a carcaça for a mesma; confirmar no SKU específico","","não aplicável","não aplicável","unidade; cores e SKU não publicados na ficha consultada","alimentação sem fio; uso usual, confirmar com fabricante para conexão e compatibilidade","existência/variante confirmada na ficha do distribuidor; presença comercial no Brasil não confirmada","C&S Tattoo Supply — Peak RCA Battery","família/modelo","Referência técnica — validar Brasil/SKU","bateria sem fio com saída 3,5 mm","peak","forge-c 3.5 mm battery","999","999","00099"
"Máquinas, grips, fontes, baterias e cabos","Peak","Forge-C RCA Battery","não publicado","Bateria sem fio com saída RCA","","carcaça de alumínio; jack RCA padrão; jumpstart inicial em 9 V; há variante com jack 3,5 mm","","aproximadamente 50 mm altura × 32 mm largura","","não aplicável","não aplicável","unidade; cor preta na ficha consultada","alimentação sem fio para máquina com RCA; uso usual, confirmar com fabricante para a variante de 3,5 mm","especificação confirmada por distribuidor reconhecido; presença comercial no Brasil não confirmada","C&S Tattoo Supply — Peak RCA Battery","família/modelo","Referência técnica — validar Brasil/SKU","bateria sem fio com saída rca","peak","forge-c rca battery","999","999","00099"
"Máquinas, grips, fontes, baterias e cabos","Bishop/Critical","Advanced Battery Shorty","não publicado","Bateria sem fio compacta","","bateria magnética Shorty","","não publicado","","não aplicável","não aplicável","unidade ou incluída no Full Set","alimentação sem fio em configuração compacta; autonomia publicada entre “até 4 h” e “5 h” na mesma página; confirmar lote/manual","especificação confirmada; presença comercial no Brasil não confirmada","Bishop Power Wand Advanced","família/modelo","Referência técnica — validar Brasil/SKU","bateria sem fio compacta","bishop/critical","advanced battery shorty","999","999","00099"
"Máquinas, grips, fontes, baterias e cabos","Bishop/Critical","Advanced Battery Standard","não publicado","Bateria sem fio para Power Wand","Power","bateria com conexão magnética; compatível com Power Wand original e Advanced, segundo fabricante","","não publicado","","não aplicável","não aplicável","unidade ou incluída no Full Set","alimentação sem fio; autonomia publicada varia na própria página entre “até 6 h” e descrição comercial de até 9 h; cadastrar o valor do manual/embalagem recebido","especificação confirmada; presença comercial no Brasil não confirmada","Bishop Power Wand Advanced","família/modelo","Referência técnica — validar Brasil/SKU","bateria sem fio para power wand","bishop/critical","advanced battery standard","090","999","00099"
"Máquinas, grips, fontes, baterias e cabos","Critical","Connect V2 Universal Battery","não publicado","Bateria universal sem fio","","bateria Critical Connect; tecnologia Bluetooth 5.0; variante Universal","","capacidade, dimensões, peso e autonomia não publicados na página oficial consultada","","não aplicável","não aplicável","unidade; também em bundles com dock duplo/quádruplo","alimentação sem fio; confirmar compatibilidade mecânica/elétrica com a máquina específica","existência no fabricante confirmada; presença comercial no Brasil não confirmada","Critical Tattoo","família/modelo","Referência técnica — validar Brasil/SKU","bateria universal sem fio","critical","connect v2 universal battery","999","999","00099"
"Máquinas, grips, fontes, baterias e cabos","Critical","Connect V2 Universal Shorty Battery","não publicado","Bateria universal sem fio compacta","","versão Shorty da Connect V2; Bluetooth 5.0","","capacidade, dimensões, peso e autonomia não publicados","","não aplicável","não aplicável","unidade; também em bundles","alimentação sem fio compacta; confirmar compatibilidade com a máquina específica","existência no fabricante confirmada; presença comercial no Brasil não confirmada","Critical Tattoo","família/modelo","Referência técnica — validar Brasil/SKU","bateria universal sem fio compacta","critical","connect v2 universal shorty battery","999","999","00099"
"Batoques, copos de tinta, suportes e acessórios de pigmento","Kwadron","Cups on a stand BLACK","não publicado","Batoque com base","","formato com base; medidas não publicadas","","","","","","1.000 unidades; preto","Organização de múltiplas cores; uso usual, confirmar com fabricante","","[1]","família/modelo","Fonte técnica modelada","batoque com base","kwadron","cups on a stand black","999","999","00099"
"Batoques, copos de tinta, suportes e acessórios de pigmento","Kwadron","Ink cups on a stand Transparent","não publicado","Batoque com base","","formato com base; medidas não publicadas","","","","","","1.000 unidades; transparente","Organização de múltiplas cores; uso usual, confirmar com fabricante","","[1]","família/modelo","Fonte técnica modelada","batoque com base","kwadron","ink cups on a stand transparent","999","999","00099"
"Batoques, copos de tinta, suportes e acessórios de pigmento","Kwadron","Ink cups with a stand","não publicado","Batoque com base","","formato com suporte; medidas não publicadas","","","","","","100 unidades","Manter o copo apoiado e reduzir tombamento; uso usual, confirmar com fabricante","","[1]","família/modelo","Fonte técnica modelada","batoque com base","kwadron","ink cups with a stand","999","999","00099"
"Batoques, copos de tinta, suportes e acessórios de pigmento","Kwadron","Unistar Silicone cups on a stand","não publicado","Batoque de silicone com base; Unistar","","circular; 13 mm","","","","","","100 unidades","Uso em bancada com suporte integrado; uso usual, confirmar com fabricante","","[1]","família/modelo","Fonte técnica modelada","batoque de silicone com base; unistar","kwadron","unistar silicone cups on a stand","999","999","00099"
"Batoques, copos de tinta, suportes e acessórios de pigmento","Kwadron","Unistar Silicone cups on a stand","não publicado","Batoque de silicone com base; Unistar","","circular; 8 mm","","","","","","100 unidades","Uso em bancada com suporte integrado; uso usual, confirmar com fabricante","","[1]","família/modelo","Fonte técnica modelada","batoque de silicone com base; unistar","kwadron","unistar silicone cups on a stand","999","999","00099"
"Batoques, copos de tinta, suportes e acessórios de pigmento","Kwadron","Silicone cups for the stand","não publicado","Batoque de silicone para suporte","","circular; 8 mm","","","","","","100 unidades","Uso em suporte compatível; uso usual, confirmar com fabricante","","[1]","família/modelo","Fonte técnica modelada","batoque de silicone para suporte","kwadron","silicone cups for the stand","999","999","00099"
"Batoques, copos de tinta, suportes e acessórios de pigmento","ArtPig Brasil","Batoque de Silicone Premium — tamanho M","não publicado","Batoque de silicone premium","","tamanho M; diâmetro/espessura não publicados; capacidade de 1 ml","","","","","","300 unidades","Uso de pigmento com base emborrachada/ventosa; especificação confirmada por distribuidor, uso clínico/tatuagem conforme rotulagem","","[9]","família/modelo","Fonte técnica modelada","batoque de silicone premium","artpig brasil","batoque de silicone premium — tamanho m","999","999","00099"
"Batoques, copos de tinta, suportes e acessórios de pigmento","ArtPig Brasil","Batoques de Silicone com Base e Ventosa — tamanho M","não publicado","Batoque de silicone; base antiderrapante","","formato circular, tamanho M; diâmetro/espessura não publicados; capacidade de 1 ml","","","","","","100 unidades (distribuidor) ou 300 unidades (distribuidor); cores publicadas incluem pink, ciano e kits de cores","Batoque para pigmento com maior estabilidade na bancada; distribuidor descreve base com ventosa, superfície lisa e uso único; esterilização e descarte devem seguir rotulagem","","[7] [8]","família/modelo","Fonte técnica modelada","batoque de silicone; base antiderrapante","artpig brasil","batoques de silicone com base e ventosa — tamanho m","999","999","00099"
"Batoques, copos de tinta, suportes e acessórios de pigmento","Kwadron","RECTANGLE Silicone Ink Cups in a Jar","não publicado","Batoque de silicone; formato especial","","retangular; medidas não publicadas","","","","","","pote com 80 unidades","Organização e dosagem de pigmento; uso usual, confirmar com fabricante","","[1]","família/modelo","Fonte técnica modelada","batoque de silicone; formato especial","kwadron","rectangle silicone ink cups in a jar","999","999","00099"
"Batoques, copos de tinta, suportes e acessórios de pigmento","Kwadron","TRIANGLE Silicone Ink Cups in a Jar","não publicado","Batoque de silicone; formato especial","","triangular; medidas não publicadas","","","","","","pote com 80 unidades","Organização e dosagem de pigmento; uso usual, confirmar com fabricante","","[1]","família/modelo","Fonte técnica modelada","batoque de silicone; formato especial","kwadron","triangle silicone ink cups in a jar","999","999","00099"
"Batoques, copos de tinta, suportes e acessórios de pigmento","Kwadron","Unistar silicone cups Combat Magnum","não publicado","Batoque de silicone; formato para Magnum","Combat Magnum","formato “Combat Magnum”; medidas não publicadas","","","","","","20 unidades","Acomodar maior volume de pigmento; uso usual, confirmar com fabricante","","[1]","família/modelo","Fonte técnica modelada","batoque de silicone; formato para magnum","kwadron","unistar silicone cups combat magnum","060","999","00099"
"Batoques, copos de tinta, suportes e acessórios de pigmento","Kwadron","Modular ink cups","não publicado","Batoque modular","","módulos combináveis; medidas não publicadas","","","","","","100 unidades","Combinar e organizar copos na bancada; a própria página descreve flexibilidade de arranjo","","[1]","família/modelo","Fonte técnica modelada","batoque modular","kwadron","modular ink cups","999","999","00099"
"Batoques, copos de tinta, suportes e acessórios de pigmento","Kwadron","Unistar Plastic Ink Cups Muse","não publicado","Batoque plástico; linha Unistar/Muse","","circular; 16 mm","","","","","","160 unidades","Dosagem de pigmento; uso usual, confirmar com fabricante","","[1]","família/modelo","Fonte técnica modelada","batoque plástico; linha unistar/muse","kwadron","unistar plastic ink cups muse","999","999","00099"
"Batoques, copos de tinta, suportes e acessórios de pigmento","Kwadron","Silicone cups for the stand","6661","Batoque reutilizável/descartável de silicone para suporte","","circular; 13 mm","","","","","","100 unidades","Uso em suporte compatível; uso usual, confirmar com fabricante","","[2]","família/modelo","Fonte técnica modelada","batoque reutilizável/descartável de silicone para suporte","kwadron","silicone cups for the stand","999","999","00099"
"Preparo de pele, lubrificantes, vaselinas, gels, butters e limpeza durante procedimento","Hustle Butter","Deluxe Tattoo Balm — 1 fl oz","não publicado","Butter/lubrificante de processo","","balm em pote","","","","","","1 fl oz; unidade/tubo ou opções de 3 tubs, case 48 e meia case 24 publicadas na página","Uso durante a sessão como glide; aplicar pequena quantidade e reaplicar conforme necessário. Também publicado para healing e cuidado diário","Presença comercial brasileira não confirmada nesta pesquisa; especificação confirmada pelo fabricante","Hustle Butter — 1 fl oz","família/modelo","Referência técnica — validar Brasil/SKU","butter/lubrificante de processo","hustle butter","deluxe tattoo balm — 1 fl oz","999","999","00099"
"Preparo de pele, lubrificantes, vaselinas, gels, butters e limpeza durante procedimento","Hustle Butter","Deluxe Tattoo Balm — 5 fl oz","não publicado","Butter/lubrificante de processo","","balm em pote","","","","","","5 fl oz; 1 tub, 3 tubs, case 24","Uso durante a sessão como glide; fórmula sem petróleo, vegana, sem parabenos e ftalatos; não interfere no stencil, segundo fabricante","Presença comercial brasileira não confirmada nesta pesquisa; especificação confirmada pelo fabricante","Hustle Butter — 5 fl oz","família/modelo","Referência técnica — validar Brasil/SKU","butter/lubrificante de processo","hustle butter","deluxe tattoo balm — 5 fl oz","999","999","00099"
"Preparo de pele, lubrificantes, vaselinas, gels, butters e limpeza durante procedimento","Hustle Butter","Deluxe Tattoo Balm Packettes","não publicado","Butter/lubrificante de processo","","sachê/packette individual","","","","","","0,25 fl oz por sachê, conforme distribuidor reconhecido; caixas/quantidades totais não confirmadas na página do fabricante consultada","Uso usual em bancada e atendimento individual; confirmar com fabricante quanto à apresentação exata por caixa","Presença comercial brasileira não confirmada; tamanho individual confirmado por distribuidor reconhecido","Eternal Tattoo Supply — Packettes","família/modelo","Referência técnica — validar Brasil/SKU","butter/lubrificante de processo","hustle butter","deluxe tattoo balm packettes","999","999","00099"
"Preparo de pele, lubrificantes, vaselinas, gels, butters e limpeza durante procedimento","Hustle Butter","Fragrance-Free Tattoo Balm","não publicado","Butter/lubrificante de processo","Soft Edge / Curved Magnum","balm sem fragrância","","","","","","tamanhos exatos não publicados na página de categoria consultada","Uso durante a sessão e cuidados posteriores conforme linha “In-Process” do fabricante; confirmar volume/SKU antes do cadastro","Presença comercial brasileira não confirmada; existência da variação confirmada pelo fabricante","Hustle Butter — In-Process","família/modelo","Referência técnica — validar Brasil/SKU","butter/lubrificante de processo","hustle butter","fragrance-free tattoo balm","050","999","00099"
"Máquinas, grips, fontes, baterias e cabos","Bishop","RCA Cord","não publicado","Cabo de máquina","Power","cabo RCA; página oficial do Power Wand Advanced descreve cabo magnético atualizado para a versão Advanced, não uma ficha separada do RCA Cord","","comprimento não publicado","","não aplicável","não aplicável","incluído conforme kit; apresentação avulsa não confirmada","conexão de máquina com RCA; uso usual, confirmar com fabricante","cabo magnético do kit confirmado; SKU/apresentação avulsa e presença no Brasil não confirmados","Bishop Power Wand Advanced","família/modelo","Fonte técnica modelada","cabo de máquina","bishop","rca cord","090","999","00099"
"Máquinas, grips, fontes, baterias e cabos","Cheyenne","Cabo/conexão das famílias HAWK e SOL","não publicado","Cabo/conector de máquina","Soft Edge / Curved Magnum","jack macho 3,5 mm em jack cage nas HAWK e SOL com fio; Unlimited sem plug na tabela comparativa","","comprimento não publicado","","não aplicável","não aplicável","integrado/compatível com a máquina; cabo avulso não publicado","conexão de fonte para HAWK/SOL com fio; confirmar pinagem e cabo de reposição","especificação de conector confirmada; presença comercial de cabo avulso no Brasil não confirmada","Cheyenne comparison","família/modelo","Pendente de validação de SKU","cabo/conector de máquina","cheyenne","cabo/conexão das famílias hawk e sol","050","999","00099"
"Batoques, copos de tinta, suportes e acessórios de pigmento","Kwadron","Carton box for inkcups","não publicado","Caixa de papelão para batoques","","caixa; dimensões não publicadas","","","","","","1 unidade","Organização/armazenamento; uso usual, confirmar com fabricante","","[1]","família/modelo","Fonte técnica modelada","caixa de papelão para batoques","kwadron","carton box for inkcups","999","999","00099"
"Cartuchos Kwadron","Kwadron","Cartridge System — Bugpin","não publicado","Cartucho / bugpin","RL / Liner","Bugpin RL, Bugpin Curved Mag e Bugpin Mag","","0,25 mm (#8) ou 0,30 mm (#10) nas ofertas consultadas","","variável","Long","caixa","","","[1] [3]","família/modelo","Fonte técnica modelada","cartucho / bugpin","kwadron","cartridge system — bugpin","010","999","00099"
"Cartuchos Kwadron","Kwadron","Cartridge System — Curved Magnum","não publicado","Cartucho / CM","","variantes de 5 a 49 pontas aparecem no distribuidor; registrar somente SKU individual","0.35","0,25 / 0,30 / 0,35 mm","","variável; 5–49 no filtro do distribuidor, não como tabela oficial completa","Long ou Medium","caixa; Ultimate informa 20 unidades e 16 unidades para tamanhos 39 e 49","","","[1] [4]","família/modelo","Fonte técnica modelada","cartucho / cm","kwadron","cartridge system — curved magnum","999","999","00.35"
"Cartuchos Kwadron","Kwadron","Cartridge System — Whip Shading","não publicado","Cartucho / liner texturizado","","5RLLTx3 (código publicado literalmente)","0.30","0,30 mm","","5","não publicado no título consultado","1 pc; a loja oficial também possui BOX","","","[2]","família/modelo","Fonte técnica modelada","cartucho / liner texturizado","kwadron","cartridge system — whip shading","999","999","000.3"
"Cartuchos Kwadron","Kwadron","Cartridge System — Sublime","não publicado","Cartucho / linha Sublime","Soft Edge / Curved Magnum","Sublime Curved Mag, Sublime Mag e Sublime Bugpin Mag; 5/9/15 SEMLT e outras variantes são listadas em páginas de produto","0.35","0,25 / 0,30 / 0,35 mm, conforme variante","","variável","Long","1 pc e BOX","","","[2] [3]","família/modelo","Fonte técnica modelada","cartucho / linha sublime","kwadron","cartridge system — sublime","050","999","00.35"
"Cartuchos Kwadron","Kwadron","Cartridge System — Magnum","não publicado","Cartucho / M1","","5M1, 7M1, 9M1, 11M1, 13M1, 15M1 etc. somente conforme variante publicada","","0,30 mm (#10) ou 0,35 mm (#12)","","variável","Long ou Medium","1 pc e BOX","","","[1] [4]","família/modelo","Fonte técnica modelada","cartucho / m1","kwadron","cartridge system — magnum","999","999","00099"
"Cartuchos Kwadron","Kwadron","Cartridge System — Soft Edge Magnum (SEM)","não publicado","Cartucho / magnum curva","","5SEMLT, 9SEMLT, 15SEMLT são referências publicadas; não completar demais combinações","0.35","0,30 ou 0,35 mm","","5, 9, 15 nas referências localizadas","Long","1 pc e BOX","","","[2] [5]","família/modelo","Fonte técnica modelada","cartucho / magnum curva","kwadron","cartridge system — soft edge magnum (sem)","999","999","00.35"
"Cartuchos Kwadron","Kwadron","Cartridge System — Combat Magnum","não publicado","Cartucho / magnum especial","","Combat Mag Shaders; a variante 10 aparece em distribuidor","0.30","0,30 mm (#10)","","não publicado na página resumida","Long","caixa; SKU e quantidade não publicados na página consultada","","","[1] [2]","família/modelo","Fonte técnica modelada","cartucho / magnum especial","kwadron","cartridge system — combat magnum","999","999","000.3"
"Cartuchos Kwadron","Kwadron","Cartridge System — Round Liner","KC-35-3RLLT","Cartucho / RL","","3RL, circular","0.35","0,35 mm (#12)","","3","Long","Caixa; distribuidor TATSoul publica a variante","","","[1]","família/modelo","Fonte técnica modelada","cartucho / rl","kwadron","cartridge system — round liner","999","999","00.35"
"Cartuchos Kwadron","Kwadron","Cartridge System — Round Liner","não publicado na página oficial consultada","Cartucho / RL","","1RL, 3RL, 5RL etc.; cadastrar apenas combinações exibidas no SKU/embalagem","0.35","0,25 / 0,30 / 0,35 mm quando publicados","","variável","Long ou Medium","1 pc e BOX aparecem no catálogo oficial","","","[2] [3]","família/modelo","Fonte técnica modelada","cartucho / rl","kwadron","cartridge system — round liner","999","999","00.35"
"Cartuchos Kwadron","Kwadron","Hybrid System — Round Liner","não publicado","Cartucho / RL Hybrid","RL / Liner","Hybrid Round Liner; página oficial publica ao menos 0,30 mm","0.30","0,30 mm publicado; demais diâmetros não publicados nesta consulta","","não publicado","não publicado","1 pc; BOX existe como subcategoria oficial","","","[2] [6]","família/modelo","Fonte técnica modelada","cartucho / rl hybrid","kwadron","hybrid system — round liner","010","999","000.3"
"Cartuchos Kwadron","Kwadron","Cartridge System — Textured","não publicado","Cartucho / RL ou shader texturizado","RL / Liner","Textured Round Liner; distribuidor reconhecido lista 5 variantes","0.35","não publicado por SKU na página resumida; filtros gerais: 0,25/0,30/0,35 mm","","variável","Long","caixa","","","[1] [3]","família/modelo","Fonte técnica modelada","cartucho / rl ou shader texturizado","kwadron","cartridge system — textured","010","999","00.35"
"Cartuchos Kwadron","Kwadron","Cartridge System — Round Shader","não publicado","Cartucho / RS","","3RS; outras quantidades somente quando constarem do SKU","","0,30 mm (#10) ou 0,35 mm (#12), conforme variante publicada","","variável","Long ou Medium","1 pc e BOX","","","[2] [4]","família/modelo","Fonte técnica modelada","cartucho / rs","kwadron","cartridge system — round shader","999","999","00099"
"Cartuchos Kwadron","Kwadron","Hybrid System — Round Shader","não publicado","Cartucho / RS Hybrid","RS / Shader","Hybrid Round Shader","0.35","0,30 e 0,35 mm têm páginas oficiais localizadas","","não publicado","não publicado","1 pc; BOX existe como subcategoria oficial","","","[2] [7]","família/modelo","Fonte técnica modelada","cartucho / rs hybrid","kwadron","hybrid system — round shader","020","999","00.35"
"Cartuchos Cheyenne","Cheyenne","Capillary — Magnum Soft Edge / Curved","não publicado","Cartucho com reservatório capilar; curved magnum","Soft Edge / Curved Magnum","Magnum Soft Edge 0,35 mm aparece como produto; a listagem comercial mostra 5 variantes, sem autorizar inferir todas as combinações","0.35","0,35 mm confirmado para o produto consultado","","não publicado na página extraída","não publicado na página extraída","Caixa de 20","Preenchimento suave e transições; fabricante destaca distribuição uniforme mesmo em magnums","","[TATSoul — Capillary Soft Edge][9]; [Cheyenne Capillary][7]","família/modelo","Fonte técnica modelada","cartucho com reservatório capilar; curved magnum","cheyenne","capillary — magnum soft edge / curved","050","999","00.35"
"Cartuchos Cheyenne","Cheyenne","Capillary — Round Liner / Premium Liner","CART-672 (SKU do distribuidor; não é SKU do fabricante)","Cartucho com reservatório capilar; liner","","1RL: 0,20, 0,25, 0,30, 0,35, 0,40; 3RL: 0,25 e 0,30; 5RL: 0,25 e 0,30; 7RL: 0,25 e 0,30; 9RL: 0,30; 11RL: 0,35; 15RL: 0,30","0.40","#6 / 0,20; #8 / 0,25; #10 / 0,30; #12 / 0,35; #14 / 0,40 mm","1","1, 3, 5, 7, 9, 11, 15","Super Long Taper, 5,5 mm","Caixa estéril de 20","Linhas precisas e omnidirecionais; fabricante informa até 10× mais fluxo de tinta e distribuição uniforme","","[Cheyenne Capillary][7]; [Ultimate — Capillary RL][8]","variação extraída","Fonte técnica modelada","cartucho com reservatório capilar; liner","cheyenne","capillary — round liner / premium liner","999","001","000.4"
"Cartuchos Cheyenne","Cheyenne","Capillary — Round Liner / Premium Liner","CART-672 (SKU do distribuidor; não é SKU do fabricante)","Cartucho com reservatório capilar; liner","","1RL: 0,20, 0,25, 0,30, 0,35, 0,40; 3RL: 0,25 e 0,30; 5RL: 0,25 e 0,30; 7RL: 0,25 e 0,30; 9RL: 0,30; 11RL: 0,35; 15RL: 0,30","0.40","#6 / 0,20; #8 / 0,25; #10 / 0,30; #12 / 0,35; #14 / 0,40 mm","3","1, 3, 5, 7, 9, 11, 15","Super Long Taper, 5,5 mm","Caixa estéril de 20","Linhas precisas e omnidirecionais; fabricante informa até 10× mais fluxo de tinta e distribuição uniforme","","[Cheyenne Capillary][7]; [Ultimate — Capillary RL][8]","variação extraída","Fonte técnica modelada","cartucho com reservatório capilar; liner","cheyenne","capillary — round liner / premium liner","999","003","000.4"
"Cartuchos Cheyenne","Cheyenne","Capillary — Round Liner / Premium Liner","CART-672 (SKU do distribuidor; não é SKU do fabricante)","Cartucho com reservatório capilar; liner","","1RL: 0,20, 0,25, 0,30, 0,35, 0,40; 3RL: 0,25 e 0,30; 5RL: 0,25 e 0,30; 7RL: 0,25 e 0,30; 9RL: 0,30; 11RL: 0,35; 15RL: 0,30","0.40","#6 / 0,20; #8 / 0,25; #10 / 0,30; #12 / 0,35; #14 / 0,40 mm","5","1, 3, 5, 7, 9, 11, 15","Super Long Taper, 5,5 mm","Caixa estéril de 20","Linhas precisas e omnidirecionais; fabricante informa até 10× mais fluxo de tinta e distribuição uniforme","","[Cheyenne Capillary][7]; [Ultimate — Capillary RL][8]","variação extraída","Fonte técnica modelada","cartucho com reservatório capilar; liner","cheyenne","capillary — round liner / premium liner","999","005","000.4"
"Cartuchos Cheyenne","Cheyenne","Capillary — Round Liner / Premium Liner","CART-672 (SKU do distribuidor; não é SKU do fabricante)","Cartucho com reservatório capilar; liner","","1RL: 0,20, 0,25, 0,30, 0,35, 0,40; 3RL: 0,25 e 0,30; 5RL: 0,25 e 0,30; 7RL: 0,25 e 0,30; 9RL: 0,30; 11RL: 0,35; 15RL: 0,30","0.40","#6 / 0,20; #8 / 0,25; #10 / 0,30; #12 / 0,35; #14 / 0,40 mm","7","1, 3, 5, 7, 9, 11, 15","Super Long Taper, 5,5 mm","Caixa estéril de 20","Linhas precisas e omnidirecionais; fabricante informa até 10× mais fluxo de tinta e distribuição uniforme","","[Cheyenne Capillary][7]; [Ultimate — Capillary RL][8]","variação extraída","Fonte técnica modelada","cartucho com reservatório capilar; liner","cheyenne","capillary — round liner / premium liner","999","007","000.4"
"Cartuchos Cheyenne","Cheyenne","Capillary — Round Liner / Premium Liner","CART-672 (SKU do distribuidor; não é SKU do fabricante)","Cartucho com reservatório capilar; liner","","1RL: 0,20, 0,25, 0,30, 0,35, 0,40; 3RL: 0,25 e 0,30; 5RL: 0,25 e 0,30; 7RL: 0,25 e 0,30; 9RL: 0,30; 11RL: 0,35; 15RL: 0,30","0.40","#6 / 0,20; #8 / 0,25; #10 / 0,30; #12 / 0,35; #14 / 0,40 mm","9","1, 3, 5, 7, 9, 11, 15","Super Long Taper, 5,5 mm","Caixa estéril de 20","Linhas precisas e omnidirecionais; fabricante informa até 10× mais fluxo de tinta e distribuição uniforme","","[Cheyenne Capillary][7]; [Ultimate — Capillary RL][8]","variação extraída","Fonte técnica modelada","cartucho com reservatório capilar; liner","cheyenne","capillary — round liner / premium liner","999","009","000.4"
"Cartuchos Cheyenne","Cheyenne","Capillary — Round Liner / Premium Liner","CART-672 (SKU do distribuidor; não é SKU do fabricante)","Cartucho com reservatório capilar; liner","","1RL: 0,20, 0,25, 0,30, 0,35, 0,40; 3RL: 0,25 e 0,30; 5RL: 0,25 e 0,30; 7RL: 0,25 e 0,30; 9RL: 0,30; 11RL: 0,35; 15RL: 0,30","0.40","#6 / 0,20; #8 / 0,25; #10 / 0,30; #12 / 0,35; #14 / 0,40 mm","11","1, 3, 5, 7, 9, 11, 15","Super Long Taper, 5,5 mm","Caixa estéril de 20","Linhas precisas e omnidirecionais; fabricante informa até 10× mais fluxo de tinta e distribuição uniforme","","[Cheyenne Capillary][7]; [Ultimate — Capillary RL][8]","variação extraída","Fonte técnica modelada","cartucho com reservatório capilar; liner","cheyenne","capillary — round liner / premium liner","999","011","000.4"
"Cartuchos Cheyenne","Cheyenne","Capillary — Round Liner / Premium Liner","CART-672 (SKU do distribuidor; não é SKU do fabricante)","Cartucho com reservatório capilar; liner","","1RL: 0,20, 0,25, 0,30, 0,35, 0,40; 3RL: 0,25 e 0,30; 5RL: 0,25 e 0,30; 7RL: 0,25 e 0,30; 9RL: 0,30; 11RL: 0,35; 15RL: 0,30","0.40","#6 / 0,20; #8 / 0,25; #10 / 0,30; #12 / 0,35; #14 / 0,40 mm","15","1, 3, 5, 7, 9, 11, 15","Super Long Taper, 5,5 mm","Caixa estéril de 20","Linhas precisas e omnidirecionais; fabricante informa até 10× mais fluxo de tinta e distribuição uniforme","","[Cheyenne Capillary][7]; [Ultimate — Capillary RL][8]","variação extraída","Fonte técnica modelada","cartucho com reservatório capilar; liner","cheyenne","capillary — round liner / premium liner","999","015","000.4"
"Cartuchos Cheyenne","Cheyenne","Capillary — Textured Liner","não publicado","Cartucho com reservatório capilar; liner texturizado","RL / Liner","Textured Liner 0,30 mm aparece em listagem de distribuidor","0.30","0,30 mm","","7 (listagem TATSoul)","não publicado","Caixa de 20","Linhas com textura; uso usual, confirmar com fabricante","","[TATSoul — Capillary Liner][10]; [Cheyenne Capillary][7]","família/modelo","Fonte técnica modelada","cartucho com reservatório capilar; liner texturizado","cheyenne","capillary — textured liner","010","999","000.3"
"Cartuchos Cheyenne","Cheyenne","Capillary — Magnum","não publicado","Cartucho com reservatório capilar; magnum","Magnum","Magnum; a fonte comercial consultada identifica a família, mas não expõe matriz completa de variantes","0.35","0,35 mm confirmado em listagem TATSoul para Magnum Soft Edge; demais diâmetros não publicados nesta consulta","","não publicado","não publicado","Caixa de 20","Preenchimento; uso usual, confirmar com fabricante","","[Cheyenne Capillary][7]; [TATSoul — Cheyenne][6]","família/modelo","Fonte técnica modelada","cartucho com reservatório capilar; magnum","cheyenne","capillary — magnum","040","999","00.35"
"Cartuchos Cheyenne","Cheyenne","Capillary — Open Round Liner","não publicado","Cartucho com reservatório capilar; open liner","","5RL #10 / 0,30; 7RL #12 / 0,35; variantes publicadas pela Ultimate","0.35","0,30 e 0,35 mm","","5 e 7","Super Long Taper, 5,5 mm","Caixa de 20","Linhas abertas; uso usual, confirmar com fabricante","","[Ultimate — Capillary RL][8]","família/modelo","Fonte técnica modelada","cartucho com reservatório capilar; open liner","cheyenne","capillary — open round liner","999","999","00.35"
"Cartuchos Cheyenne","Cheyenne","Capillary — Power Open Round Liner","não publicado","Cartucho com reservatório capilar; power/open liner","","9RL, 15RL e 21RL; #14 / 0,40 mm","0.40","0,40 mm","9","9, 15, 21","Super Long Taper, 5,5 mm","Caixa de 20","Linhas largas/encorpadas; uso usual, confirmar com fabricante","","[Ultimate — Capillary RL][8]","variação extraída","Fonte técnica modelada","cartucho com reservatório capilar; power/open liner","cheyenne","capillary — power open round liner","999","009","000.4"
"Cartuchos Cheyenne","Cheyenne","Capillary — Power Open Round Liner","não publicado","Cartucho com reservatório capilar; power/open liner","","9RL, 15RL e 21RL; #14 / 0,40 mm","0.40","0,40 mm","15","9, 15, 21","Super Long Taper, 5,5 mm","Caixa de 20","Linhas largas/encorpadas; uso usual, confirmar com fabricante","","[Ultimate — Capillary RL][8]","variação extraída","Fonte técnica modelada","cartucho com reservatório capilar; power/open liner","cheyenne","capillary — power open round liner","999","015","000.4"
"Cartuchos Cheyenne","Cheyenne","Capillary — Power Open Round Liner","não publicado","Cartucho com reservatório capilar; power/open liner","","9RL, 15RL e 21RL; #14 / 0,40 mm","0.40","0,40 mm","21","9, 15, 21","Super Long Taper, 5,5 mm","Caixa de 20","Linhas largas/encorpadas; uso usual, confirmar com fabricante","","[Ultimate — Capillary RL][8]","variação extraída","Fonte técnica modelada","cartucho com reservatório capilar; power/open liner","cheyenne","capillary — power open round liner","999","021","000.4"
"Cartuchos EZ Tattoo, WJX, Mast e Dragonhawk — mercado brasileiro","EZ Tattoo","Revolution — famílias de configuração","não publicado","Cartucho; catálogo de agulhas","RS / Shader","Round Liner, Round Shader, Magnum/Curved Magnum, Flat e outras variações da linha Revolution","","não publicado por família nesta página","","não publicado por família","não publicado","A página oficial informa mais de 100 configurações; apresentação individual depende da ficha","","Linha confirmada no fabricante; presença comercial brasileira não comprovada por distribuidor oficial na pesquisa","EZ Tattoo Supply — Cartridge Needles","família/modelo","Fonte técnica modelada","cartucho; catálogo de agulhas","ez tattoo","revolution — famílias de configuração","020","999","00099"
"Cartuchos EZ Tattoo, WJX, Mast e Dragonhawk — mercado brasileiro","WJX","Ultimate — Curved Magnum RM-2","não publicado","Cartucho; Curved Magnum","Magnum","RM-2","0.30","0,30 mm","","2 (código RM-2; o número representa a configuração publicada)","3,5 mm","Caixa com 20","","Confirmada na loja oficial Dragonhawk; presença brasileira comercial localizada, especificação local não confirmada","Dragonhawk Official — WJX Ultimate RM-2","família/modelo","Referência técnica — validar Brasil/SKU","cartucho; curved magnum","wjx","ultimate — curved magnum rm-2","040","999","000.3"
"Cartuchos EZ Tattoo, WJX, Mast e Dragonhawk — mercado brasileiro","Dragonhawk","DragonhawkLabs assorted","não publicado","Cartucho; kit misto","","1RL, 3RL, 5RL, 7RM e 9RM; a ficha de marketplace reconhecido informa 5 tamanhos × 10 unidades","0.30","0,30 mm (#10) na ficha publicada","","1, 3, 5, 7, 9 conforme códigos","não publicado","50 cartuchos (5 × 10)","","Produto comercializado internacionalmente; presença brasileira não confirmada por fonte oficial","Amazon — DragonhawkLabs 50 pcs","família/modelo","Referência técnica — validar Brasil/SKU","cartucho; kit misto","dragonhawk","dragonhawklabs assorted","999","999","000.3"
"Cartuchos Cheyenne","Cheyenne","Craft — Liner","CART-818 a CART-822 (distribuidor; SKU individual por variante)","Cartucho; liner","RL / Liner","Round Liner: 3, 5, 7, 9, 13; configurações publicadas pelo distribuidor","0.30","#10 / 0,30 mm","3","3, 5, 7, 9, 13","não publicado na página consultada","Caixa estéril de 20; uso único","Linhas; uso usual, confirmar com fabricante","","[Cheyenne Craft][1]; [Painful Pleasures — Craft][2]","variação extraída","Fonte técnica modelada","cartucho; liner","cheyenne","craft — liner","010","003","000.3"
"Cartuchos Cheyenne","Cheyenne","Craft — Liner","CART-818 a CART-822 (distribuidor; SKU individual por variante)","Cartucho; liner","RL / Liner","Round Liner: 3, 5, 7, 9, 13; configurações publicadas pelo distribuidor","0.30","#10 / 0,30 mm","5","3, 5, 7, 9, 13","não publicado na página consultada","Caixa estéril de 20; uso único","Linhas; uso usual, confirmar com fabricante","","[Cheyenne Craft][1]; [Painful Pleasures — Craft][2]","variação extraída","Fonte técnica modelada","cartucho; liner","cheyenne","craft — liner","010","005","000.3"
"Cartuchos Cheyenne","Cheyenne","Craft — Liner","CART-818 a CART-822 (distribuidor; SKU individual por variante)","Cartucho; liner","RL / Liner","Round Liner: 3, 5, 7, 9, 13; configurações publicadas pelo distribuidor","0.30","#10 / 0,30 mm","7","3, 5, 7, 9, 13","não publicado na página consultada","Caixa estéril de 20; uso único","Linhas; uso usual, confirmar com fabricante","","[Cheyenne Craft][1]; [Painful Pleasures — Craft][2]","variação extraída","Fonte técnica modelada","cartucho; liner","cheyenne","craft — liner","010","007","000.3"
"Cartuchos Cheyenne","Cheyenne","Craft — Liner","CART-818 a CART-822 (distribuidor; SKU individual por variante)","Cartucho; liner","RL / Liner","Round Liner: 3, 5, 7, 9, 13; configurações publicadas pelo distribuidor","0.30","#10 / 0,30 mm","9","3, 5, 7, 9, 13","não publicado na página consultada","Caixa estéril de 20; uso único","Linhas; uso usual, confirmar com fabricante","","[Cheyenne Craft][1]; [Painful Pleasures — Craft][2]","variação extraída","Fonte técnica modelada","cartucho; liner","cheyenne","craft — liner","010","009","000.3"
"Cartuchos Cheyenne","Cheyenne","Craft — Liner","CART-818 a CART-822 (distribuidor; SKU individual por variante)","Cartucho; liner","RL / Liner","Round Liner: 3, 5, 7, 9, 13; configurações publicadas pelo distribuidor","0.30","#10 / 0,30 mm","13","3, 5, 7, 9, 13","não publicado na página consultada","Caixa estéril de 20; uso único","Linhas; uso usual, confirmar com fabricante","","[Cheyenne Craft][1]; [Painful Pleasures — Craft][2]","variação extraída","Fonte técnica modelada","cartucho; liner","cheyenne","craft — liner","010","013","000.3"
"Cartuchos Cheyenne","Cheyenne","Safety — Open Liner","SKU não publicado","Cartucho; liner especial","RL / Liner","Open Liner; opções de 5 e 7 são publicadas para Capillary, enquanto Safety confirma a existência da variação, mas não a matriz completa nesta consulta","","não publicado por variante Safety consultada","","não publicado por variante Safety consultada","não publicado","Caixa de 20 quando comercializada","Linhas abertas/fluxo visual específico; uso usual, confirmar com fabricante","","[Cheyenne Safety][4]","família/modelo","Fonte técnica modelada","cartucho; liner especial","cheyenne","safety — open liner","010","999","00099"
"Cartuchos Cheyenne","Cheyenne","Safety — Round Liner / Premium Liner","SKU Cheyenne não publicado nas páginas consultadas; distribuidor usa C20-RL","Cartucho; liner, inclusive Premium Liner","Textured / Whip","1RL, 3RL, 5RL, 7RL, 9RL, 11RL, 13RL, 15RL; também variantes Textured, Power e Open Round publicadas em revenda","","0,25; 0,30; 0,35; 0,40 mm; 0,20 mm aparece em Capillary, não confirmar para Safety sem ficha específica","","1 a 15 conforme configuração publicada","Medium Taper, Super Long Taper; Premium Liner com taper mais longo; Textured e Power quando publicados","Caixa estéril individualizada de 20; uso único","Linhas e detalhes; uso usual, confirmar com fabricante","","[Cheyenne Safety][4]; [Nordic — Safety RL][5]","família/modelo","Fonte técnica modelada","cartucho; liner, inclusive premium liner","cheyenne","safety — round liner / premium liner","070","999","00099"
"Cartuchos EZ Tattoo, WJX, Mast e Dragonhawk — mercado brasileiro","Mast","Hyperink","não publicado","Cartucho; linha Mast","","Configurações não publicadas na fonte consultada","","não publicado","","não publicado","não publicado","Caixa de 20 indicada no catálogo Dragonhawk","","Linha publicada na loja oficial Dragonhawk; presença brasileira não confirmada na pesquisa","Dragonhawk Official — Mast cartridges","família/modelo","Referência técnica — validar Brasil/SKU","cartucho; linha mast","mast","hyperink","999","999","00099"
"Cartuchos EZ Tattoo, WJX, Mast e Dragonhawk — mercado brasileiro","Mast","Cyber","não publicado","Cartucho; linha Mast Cyber","","Configurações não publicadas na fonte consultada","","não publicado","","não publicado","não publicado","apresentação não publicada","","Linha publicada na loja oficial Dragonhawk; presença brasileira não confirmada","Dragonhawk Official — Mast Cyber","família/modelo","Referência técnica — validar Brasil/SKU","cartucho; linha mast cyber","mast","cyber","999","999","00099"
"Cartuchos EZ Tattoo, WJX, Mast e Dragonhawk — mercado brasileiro","Dragonhawk","Dragonhawk Cartridges","não publicado","Cartucho; linha própria","","Catálogo oficial separa Dragonhawk Cartridges, DragonhawkLabs, Glide, Finger Ledge, Extreme e Arenahawk","","não publicado por família na página de categoria","","não publicado por família","não publicado por família","varia por SKU","","Linha e categorias confirmadas na loja oficial Dragonhawk; presença comercial brasileira localizada em revendedor, mas não equivale a distribuição oficial","Dragonhawk Official — Tattoo Needles","família/modelo","Fonte técnica modelada","cartucho; linha própria","dragonhawk","dragonhawk cartridges","999","999","00099"
"Cartuchos EZ Tattoo, WJX, Mast e Dragonhawk — mercado brasileiro","Dragonhawk","Extreme","não publicado","Cartucho; linha própria","Magnum","Categoria publicada; ficha consultada menciona Magnum 0,35 mm","0.35","0,35 mm na listagem localizada","","não publicado","não publicado","Caixa de 20 na listagem localizada","","Linha confirmada na loja oficial; presença brasileira não confirmada","Dragonhawk Official — Extreme cartridges","família/modelo","Referência técnica — validar Brasil/SKU","cartucho; linha própria","dragonhawk","extreme","040","999","00.35"
"Cartuchos EZ Tattoo, WJX, Mast e Dragonhawk — mercado brasileiro","Mast","Mast Pro","não publicado","Cartucho; linhas e shaders","RS / Shader","Round Liner, Round Shader, Magnum/Curved Magnum e Flat; catálogo oficial brasileiro confirma a linha","0.35","não publicado na página Mast Brasil; distribuidores reconhecidos listam 0,18, 0,30 e 0,35 mm em modelos específicos","","varia por referência; não consolidar sem SKU individual","não publicado na página Mast Brasil; fichas Dragonhawk publicam 5 mm em algumas magnums","Usualmente caixa de 20 nas fichas de produto; confirmar por SKU","","Presença brasileira confirmada no site Mast Brasil e loja Prodigy; especificações variam por SKU","Mast Brasil — Produtos","família/modelo","Fonte técnica modelada","cartucho; linhas e shaders","mast","mast pro","020","999","00.35"
"Cartuchos Cheyenne","Cheyenne","Craft — Magnum","CART-827, CART-828, CART-830, CART-832, CART-834","Cartucho; magnum","Magnum","Magnum: 5, 7, 9, 13, 17","","7M: #10 / 0,30 mm; 5M/9M/13M/17M: #12 / 0,35 mm","","5, 7, 9, 13, 17","Long Taper (4,5 mm) confirmado para variantes de soft-edge; taper do Magnum comum não publicado na fonte consultada","Caixa de 20","Preenchimento e packing; uso usual, confirmar com fabricante","","[Ultimate — Craft Soft Edge][3]; [Painful Pleasures — Craft][2]","família/modelo","Fonte técnica modelada","cartucho; magnum","cheyenne","craft — magnum","040","999","00099"
"Cartuchos Cheyenne","Cheyenne","Safety — Magnum","SKU não publicado","Cartucho; magnum","RL / Liner","Magnum padrão; a família oficial cobre de 1 liner até 67 magnum e inclui opções 0,25, 0,30, 0,35 e 0,40 mm","0.40","0,25–0,40 mm","","conforme variante; Big Magnum oficial: 33–67","Diferentes comprimentos publicados pela família; variante individual deve trazer taper da ficha","Caixa de 20, estéril, individualizada","Packing, preenchimento e sombreamento; uso usual, confirmar com fabricante","","[Cheyenne Safety][4]","família/modelo","Fonte técnica modelada","cartucho; magnum","cheyenne","safety — magnum","010","999","000.4"
"Cartuchos Cheyenne","Cheyenne","Craft — Magnum Soft Edge / Curved","CART-829, CART-831, CART-833, CART-835, CART-836","Cartucho; magnum soft edge (curved)","","7, 9, 13, 17, 23","","7M e 23M: #10 / 0,30 mm; 9M/13M/17M: #12 / 0,35 mm","","7, 9, 13, 17, 23","Long Taper, 4,5 mm","Caixa estéril de 20","Preenchimento suave e transições; uso usual, confirmar com fabricante","","[Ultimate — Craft Soft Edge][3]; [Painful Pleasures — Craft][2]","família/modelo","Fonte técnica modelada","cartucho; magnum soft edge (curved)","cheyenne","craft — magnum soft edge / curved","999","999","00099"
"Cartuchos Cheyenne","Cheyenne","Safety — Magnum Soft Edge / Curved","SKU não publicado; distribuidor TATSoul lista produto com variantes","Cartucho; magnum soft edge curved","Soft Edge / Curved Magnum","Curved/Soft Edge; TATSoul publica opções de 7, 9, 11, 13, 15, 17 e 23 em seu filtro/listagem, mas não tratar o filtro como tabela oficial completa","","0,25–0,35 mm nas variantes verificadas por distribuidor; 0,40 mm só quando constar da ficha da variante","","conforme opção","Long Taper aparece em variantes de distribuidor; demais tapers não publicados na fonte consultada","Caixa de 20","Sombreamento suave e transições; uso usual, confirmar com fabricante","","[TATSoul — Cheyenne][6]; [Cheyenne Safety][4]","família/modelo","Fonte técnica modelada","cartucho; magnum soft edge curved","cheyenne","safety — magnum soft edge / curved","050","999","00099"
"Cartuchos Cheyenne","Cheyenne","Safety — Textured Magnum / Textured Soft Edge","SKU não publicado","Cartucho; magnum texturizado / curved","Soft Edge / Curved Magnum","Textured Magnum e Textured Soft Edge aparecem como linhas comerciais distintas","0.35","0,30 e 0,35 mm aparecem em variantes de distribuidor; não generalizar para toda a linha","","conforme variante","não publicado de modo completo","Caixa de 20","Textura, whip/soft shading; uso usual, confirmar com fabricante","","[TATSoul — Cheyenne][6]; [Cheyenne Safety][4]","família/modelo","Fonte técnica modelada","cartucho; magnum texturizado / curved","cheyenne","safety — textured magnum / textured soft edge","050","999","00.35"
"Cartuchos Cheyenne","Cheyenne","Safety — Power Liner","SKU não publicado","Cartucho; power liner","RL / Liner","Power Liner; variantes 7RL e 9RL em 0,40 mm são publicadas pela Nordic","0.40","0,40 mm","","7 e 9","Super Long Taper","Caixa estéril de 20","Linhas mais encorpadas; uso usual, confirmar com fabricante","","[Nordic — Safety RL][5]","família/modelo","Fonte técnica modelada","cartucho; power liner","cheyenne","safety — power liner","010","999","000.4"
"Cartuchos EZ Tattoo, WJX, Mast e Dragonhawk — mercado brasileiro","WJX","Ultimate Professional — Round Liner","não publicado","Cartucho; RL","RL / Liner","Round Liner; a loja oficial publica versões 0,30 mm e 0,35 mm com taper de 5 mm","","0,30 mm e 0,35 mm","","Quantidade não publicada nas fichas resumidas consultadas","5 mm","Caixa de 20 quando indicado na ficha; versão RL do site WJX sem embalagem detalhada","","Site oficial WJX; presença brasileira indicada por WJX Brasil e revendedores, mas certificação e SKU local devem ser validados no cadastro","WJX Tattoo — catálogo oficial","família/modelo","Fonte técnica modelada","cartucho; rl","wjx","ultimate professional — round liner","010","999","00099"
"Cartuchos EZ Tattoo, WJX, Mast e Dragonhawk — mercado brasileiro","EZ Tattoo","Revolution Round Liner","R0C03RL (SKU exibido na página)","Cartucho; Round Liner","RL / Liner","RL; opções Long Taper, Medium Taper, Super Tight X-Taper, Textured Super Tight X-Taper, Pure Round Tip e Extra Long Taper","","0,25 mm (#8), 0,30 mm (#10), 0,35 mm (#12), 0,40 mm (#14)","","3, 5, 7, 9, 11, 14; também 4, 8 e 18 em combinações exibidas","Publicado como nomes de variação; comprimento em mm não publicado nesta ficha","Caixa com 20 cartuchos; aço inoxidável 304 grau médico, ponta plástica grau médico e esterilização EO conforme ficha oficial EZ","","Loja oficial internacional; não confirma distribuição brasileira na ficha. Presença brasileira localizada em perfil “EZ Tattooing Brasil”, sem especificação técnica adicional confirmada","EZ Tattoo Supply — Revolution Round Liner","família/modelo","Fonte técnica modelada","cartucho; round liner","ez tattoo","revolution round liner","010","999","00099"
"Cartuchos EZ Tattoo, WJX, Mast e Dragonhawk — mercado brasileiro","Mast","Ocean Heart","código exibido 78987402597; configurações 1001RL e 1003RL","Cartucho; Round Liner para fineline/PMU","RL / Liner","RL, formato cônico fino e alongado","0.30","0,30 mm na ficha; página oferece 1001RL e 1003RL","","1 e 3","5,0 mm","Caixa com 20 unidades","","Presença brasileira confirmada pela Mast Brasil e Prodigy Company; ficha publica registro Anvisa 81652919055","Prodigy Company Store — Ocean Heart RL 0,30 mm","família/modelo","Fonte técnica modelada","cartucho; round liner para fineline/pmu","mast","ocean heart","010","999","000.3"
"Cartuchos Cheyenne","Cheyenne","Craft — Shader","CART-823 a CART-826","Cartucho; round shader","RS / Shader","Round Shader: 5, 7, 9, 13","0.30","#10 / 0,30 mm","5","5, 7, 9, 13","não publicado na página consultada","Caixa estéril de 20; uso único","Sombreamento; uso usual, confirmar com fabricante","","[Painful Pleasures — Craft][2]","variação extraída","Fonte técnica modelada","cartucho; round shader","cheyenne","craft — shader","020","005","000.3"
"Cartuchos Cheyenne","Cheyenne","Craft — Shader","CART-823 a CART-826","Cartucho; round shader","RS / Shader","Round Shader: 5, 7, 9, 13","0.30","#10 / 0,30 mm","7","5, 7, 9, 13","não publicado na página consultada","Caixa estéril de 20; uso único","Sombreamento; uso usual, confirmar com fabricante","","[Painful Pleasures — Craft][2]","variação extraída","Fonte técnica modelada","cartucho; round shader","cheyenne","craft — shader","020","007","000.3"
"Cartuchos Cheyenne","Cheyenne","Craft — Shader","CART-823 a CART-826","Cartucho; round shader","RS / Shader","Round Shader: 5, 7, 9, 13","0.30","#10 / 0,30 mm","9","5, 7, 9, 13","não publicado na página consultada","Caixa estéril de 20; uso único","Sombreamento; uso usual, confirmar com fabricante","","[Painful Pleasures — Craft][2]","variação extraída","Fonte técnica modelada","cartucho; round shader","cheyenne","craft — shader","020","009","000.3"
"Cartuchos Cheyenne","Cheyenne","Craft — Shader","CART-823 a CART-826","Cartucho; round shader","RS / Shader","Round Shader: 5, 7, 9, 13","0.30","#10 / 0,30 mm","13","5, 7, 9, 13","não publicado na página consultada","Caixa estéril de 20; uso único","Sombreamento; uso usual, confirmar com fabricante","","[Painful Pleasures — Craft][2]","variação extraída","Fonte técnica modelada","cartucho; round shader","cheyenne","craft — shader","020","013","000.3"
"Cartuchos Cheyenne","Cheyenne","Safety — Round Shader","SKU não publicado","Cartucho; round shader","RS / Shader","Linha Round Shader; configurações individuais e combinações completas não publicadas na página oficial consultada","0.40","0,25–0,40 mm é a faixa oficial da família; variante específica deve ser cadastrada só com ficha","","não publicado para o conjunto completo","não publicado para o conjunto completo","Caixa de 20, estéril, individualizada","Sombreamento; uso usual, confirmar com fabricante","","[Cheyenne Safety][4]; [Nordic — Safety RL][5]","família/modelo","Fonte técnica modelada","cartucho; round shader","cheyenne","safety — round shader","020","999","000.4"
"Cartuchos EZ Tattoo, WJX, Mast e Dragonhawk — mercado brasileiro","WJX","Ultimate Professional — Round Shader","não publicado","Cartucho; RS","RS / Shader","Round Shader","","0,30 mm e 0,35 mm","","não publicado","3,5 mm publicado para a ficha RS localizada","Caixa com 20","","Linha confirmada no site oficial; presença brasileira localizada em WJX Brasil","WJX Tattoo — catálogo oficial","família/modelo","Fonte técnica modelada","cartucho; rs","wjx","ultimate professional — round shader","020","999","00099"
"Cartuchos EZ Tattoo, WJX, Mast e Dragonhawk — mercado brasileiro","WJX","Ultimate — kit misto","não publicado","Cartucho; sortido","","0403RL, 0803RL, 1003RL, 1005RL, 1203RL, 1205RL, 1207RS, 1207RM, 1209RM, 1211RM","","parcialmente inferível pelos códigos, mas não repetir sem ficha dimensional específica","","indicado pelos códigos; não converter para tabela de diâmetros sem confirmação","não publicado","Kit misto com 50 cartuchos","","Produto publicado pelo fabricante WJX; disponibilidade brasileira depende do importador","WJX Tattoo — kit misto Ultimate","família/modelo","Fonte técnica modelada","cartucho; sortido","wjx","ultimate — kit misto","999","999","00099"
"Batoques, copos de tinta, suportes e acessórios de pigmento","Kwadron","Biodegradable heart-shaped ink cups","9450","Copo/batoque biodegradável","","formato de coração; 13 mm","","","","","","200 unidades","Dosagem de pigmento; uso usual, confirmar com fabricante","","[4]","família/modelo","Fonte técnica modelada","copo/batoque biodegradável","kwadron","biodegradable heart-shaped ink cups","999","999","00099"
"Batoques, copos de tinta, suportes e acessórios de pigmento","Kwadron","Biodegradable Ink Hexagon Cups","não publicado","Copo/batoque biodegradável","","hexagonal; diâmetro não publicado","","","","","","caixa com 200 unidades","Dosagem de pigmento; formato hexagonal para organização; uso usual, confirmar com fabricante","","[1]","família/modelo","Fonte técnica modelada","copo/batoque biodegradável","kwadron","biodegradable ink hexagon cups","999","999","00099"
"Batoques, copos de tinta, suportes e acessórios de pigmento","Kwadron","Unistar ECO Paper Ink Cups","não publicado","Copo/batoque de papel; linha ecológica","","formato e diâmetro não publicados","","","","","","200 unidades","Dosagem de pigmento; uso usual, confirmar com fabricante","","[1]","família/modelo","Fonte técnica modelada","copo/batoque de papel; linha ecológica","kwadron","unistar eco paper ink cups","999","999","00099"
"Batoques, copos de tinta, suportes e acessórios de pigmento","Kwadron","Ink cups Clear Yellow","não publicado","Copo/batoque descartável; pigmento","","formato não publicado; diâmetro não publicado","","","","","","500 unidades; amarelo translúcido","Dosagem e uso de pigmento; uso usual, confirmar com fabricante","","[1]","família/modelo","Fonte técnica modelada","copo/batoque descartável; pigmento","kwadron","ink cups clear yellow","999","999","00099"
"Batoques, copos de tinta, suportes e acessórios de pigmento","Kwadron","Ink cups Yellow","não publicado","Copo/batoque descartável; pigmento","","formato não publicado; diâmetro não publicado","","","","","","500 unidades; amarelo","Dosagem e uso de pigmento; uso usual, confirmar com fabricante","","[1]","família/modelo","Fonte técnica modelada","copo/batoque descartável; pigmento","kwadron","ink cups yellow","999","999","00099"
"Batoques, copos de tinta, suportes e acessórios de pigmento","Kwadron","Nineone Sterile Ink Cups","não publicado","Copo/batoque estéril","","formato e diâmetro não publicados","","","","","","apresentação/quantidade não publicada","Uso de pigmento em procedimento; esterilidade conforme rotulagem e instruções do fabricante","","[1]","família/modelo","Fonte técnica modelada","copo/batoque estéril","kwadron","nineone sterile ink cups","999","999","00099"
"Batoques, copos de tinta, suportes e acessórios de pigmento","Kwadron","CUT MODULE Modular cups for cutting BLACK","não publicado","Copo/batoque modular para corte","","modular; medidas não publicadas","","","","","","500 unidades; preto","Organização modular e separação/corte de conjuntos; uso usual, confirmar com fabricante","","[1]","família/modelo","Fonte técnica modelada","copo/batoque modular para corte","kwadron","cut module modular cups for cutting black","999","999","00099"
"Batoques, copos de tinta, suportes e acessórios de pigmento","Kwadron","CUT MODULE Modular cups for cutting WHITE","não publicado","Copo/batoque modular para corte","","modular; medidas não publicadas","","","","","","500 unidades; branco","Organização modular e separação/corte de conjuntos; uso usual, confirmar com fabricante","","[1]","família/modelo","Fonte técnica modelada","copo/batoque modular para corte","kwadron","cut module modular cups for cutting white","999","999","00099"
"Batoques, copos de tinta, suportes e acessórios de pigmento","Kwadron","SKULL Plastic Ink Cup","8243","Copo/batoque plástico","","circular; 12 mm","","","","","","200 unidades; desenho de caveira","Dosagem de pigmento; uso usual, confirmar com fabricante","","[3]","família/modelo","Fonte técnica modelada","copo/batoque plástico","kwadron","skull plastic ink cup","999","999","00099"
"Pós-tatuagem: filmes, curativos, sabonetes, cremes e kits de cuidados","H2Ocean","Ocean Care Tattoo Aftercare Skin Moisturizing Cream/Lotion","não publicado na página consultada","Creme/loção hidratante pós-tatuagem","Soft Edge / Curved Magnum","Loção sem fragrância, à base de água, enriquecida com vitaminas","","","","","","No Extreme Kit: 74 g; apresentação avulsa: página publica produto, mas não medida no trecho consultado","Hidratar e proteger; no Extreme Kit, substituir Aquatat a partir do terceiro dia e usar como hidratação posterior","Especificação confirmada; presença no Brasil não confirmada","","família/modelo","Referência técnica — validar Brasil/SKU","creme/loção hidratante pós-tatuagem","h2ocean","ocean care tattoo aftercare skin moisturizing cream/lotion","050","999","00099"
"Limpeza, desinfecção, esterilização, indicadores e embalagens","Sispack","Envelope de papel grau cirúrgico autosselante","não publicado","Embalagens / envelope","","Envelope autosselante","","dimensões não publicadas","","não aplicável","não aplicável","envelope","Acondicionamento de instrumental para esterilização; seguir instruções de fechamento","Presença comercial no Brasil confirmada; tamanhos e indicador incorporado não publicados","Sispack — Produtos","família/modelo","Referência técnica — validar Brasil/SKU","embalagens / envelope","sispack","envelope de papel grau cirúrgico autosselante","999","999","00099"
"Limpeza, desinfecção, esterilização, indicadores e embalagens","Sispack","Envelope de papel grau cirúrgico termosselante","não publicado","Embalagens / envelope","","Envelope termosselante","","dimensões não publicadas","","não aplicável","não aplicável","envelope","Acondicionamento de instrumental para esterilização; requer selagem adequada","Presença comercial no Brasil confirmada; tamanhos e indicador incorporado não publicados","Sispack — Produtos","família/modelo","Referência técnica — validar Brasil/SKU","embalagens / envelope","sispack","envelope de papel grau cirúrgico termosselante","999","999","00099"
"Limpeza, desinfecção, esterilização, indicadores e embalagens","Sispack","Papel grau cirúrgico — bobina","não publicado","Embalagens / papel grau cirúrgico","","Bobina","","largura, comprimento e gramatura não publicados","","não aplicável","não aplicável","bobina","Embalagem de produtos para esterilização; selagem e ciclo devem seguir IFU do fabricante","Presença comercial no Brasil confirmada; dimensões e barreira não publicadas","Sispack — Produtos","família/modelo","Fonte técnica modelada","embalagens / papel grau cirúrgico","sispack","papel grau cirúrgico — bobina","999","999","00099"
"Limpeza, desinfecção, esterilização, indicadores e embalagens","Sispack","Embalagem SMS","não publicado","Embalagens / SMS","","embalagem SMS","","dimensões e gramatura não publicadas","","não aplicável","não aplicável","não publicado","Barreira/embalagem para esterilização; uso usual, confirmar método e compatibilidade","Presença comercial no Brasil confirmada; composição e dimensões não publicadas","Sispack — Produtos","família/modelo","Pendente de validação de SKU","embalagens / sms","sispack","embalagem sms","999","999","00099"
"Limpeza, desinfecção, esterilização, indicadores e embalagens","3M / Solventum","Leitora automática Attest","490M","Equipamento / leitora de IB","","Leitora automática mini","","não aplicável","","não aplicável","não aplicável","unidade","Leitura automática de indicadores biológicos compatíveis; confirmar modelos suportados","Produto publicado oficialmente no Brasil; compatibilidade completa não publicada na categoria","3M Brasil — 490M","família/modelo","Fonte técnica modelada","equipamento / leitora de ib","3m / solventum","leitora automática attest","999","999","00099"
"Limpeza, desinfecção, esterilização, indicadores e embalagens","3M / Solventum","Sistema de autoleitora Attest vapor/VH2O2","490 DR","Equipamento / leitora de IB","","Sistema de autoleitura","","não aplicável","","não aplicável","não aplicável","unidade","Leitura automática para vapor e VH2O2","Produto publicado oficialmente no Brasil; compatibilidade detalhada deve ser confirmada","3M Brasil — catálogo","família/modelo","Fonte técnica modelada","equipamento / leitora de ib","3m / solventum","sistema de autoleitora attest vapor/vh2o2","999","999","00099"
"Pós-tatuagem: filmes, curativos, sabonetes, cremes e kits de cuidados","H2Ocean","Ocean Foam Skin Moisturizing Foam","não publicado na página consultada","Espuma hidratante/protetora","","Espuma de barreira","","","","","","Incluída no Ultimate Tattoo Care Kit; tamanho avulso não publicado no trecho consultado","No Ultimate Kit, iniciar no segundo dia, em camada fina antes de dormir; fabricante descreve função de hidratar, proteger e “lock” da tinta","Especificação confirmada; presença no Brasil não confirmada","","família/modelo","Pendente de validação de SKU","espuma hidratante/protetora","h2ocean","ocean foam skin moisturizing foam","999","999","00099"
"Pós-tatuagem: filmes, curativos, sabonetes, cremes e kits de cuidados","Recovery Aftercare","Derm Shield","não publicado na página consultada","Filme/curativo adesivo para tatuagem","","Filme cortado sob medida, aplicado com margem de 1–2 in","","","","","","Apresentação/medidas/quantidade: não publicadas na instrução consultada","Primeira aplicação por 24 h conforme exsudação; segunda por vários dias; terceira se necessário; nenhuma peça por mais de 1 semana. Não aplicar em ferida infectada; cautela para alergia a adesivo","Fabricante publica instrução; presença comercial no Brasil não confirmada","","família/modelo","Referência técnica — validar Brasil/SKU","filme/curativo adesivo para tatuagem","recovery aftercare","derm shield","999","999","00099"
"Pós-tatuagem: filmes, curativos, sabonetes, cremes e kits de cuidados","Saniderm","Original Tattoo Bandage 10-Pack Small","não publicado na página consultada","Filme/curativo adesivo transparente","","Pré-cortado, 4 x 4 in (10,2 x 10,2 cm)","","","","","","Pacote com 10 unidades; estéril e selado individualmente","Novas tatuagens, abrasões, lacerações e proteção contra fricção; fabricante orienta margem mínima de 1 in e não usar por mais de 7 dias consecutivos","Especificação confirmada pelo fabricante; presença no Brasil não confirmada na fonte direta","","família/modelo","Referência técnica — validar Brasil/SKU","filme/curativo adesivo transparente","saniderm","original tattoo bandage 10-pack small","999","999","00099"
"Pós-tatuagem: filmes, curativos, sabonetes, cremes e kits de cuidados","Saniderm","Original Tattoo Bandage 25-Pack Large","não publicado na página consultada","Filme/curativo adesivo transparente","","Pré-cortado, 8 x 10 in","","","","","","Pacote profissional com 25 unidades","Uso profissional para novas tatuagens e feridas superficiais conforme instruções do fabricante; confirmar disponibilidade e registro/importação antes do cadastro brasileiro","Especificação confirmada; presença comercial no Brasil não confirmada","","família/modelo","Referência técnica — validar Brasil/SKU","filme/curativo adesivo transparente","saniderm","original tattoo bandage 25-pack large","999","999","00099"
"Pós-tatuagem: filmes, curativos, sabonetes, cremes e kits de cuidados","Saniderm","Original Tattoo Bandage 3-Pack Large","SDPP8V1","Filme/curativo adesivo transparente","","Pré-cortado, 8 x 10 in (20,3 x 25,4 cm)","","","","","","Pacote com 3 curativos estéreis, adesivos e transparentes","Novas tatuagens, abrasões, lacerações e proteção de pele contra fricção; fabricante publica margem de 1 in","Especificação confirmada; presença no Brasil não confirmada","","família/modelo","Referência técnica — validar Brasil/SKU","filme/curativo adesivo transparente","saniderm","original tattoo bandage 3-pack large","999","999","00099"
"Pós-tatuagem: filmes, curativos, sabonetes, cremes e kits de cuidados","Saniderm","Original Tattoo Bandage 3-Pack Medium","não publicado na página consultada","Filme/curativo adesivo transparente","","Pré-cortado, 6 x 8 in (15,2 x 20,3 cm)","","","","","","Pacote com 3 unidades, estéreis e seladas individualmente","Mesma indicação e protocolo do Original; primeira aplicação até 24 h, segunda 3–5 dias, limite consecutivo de 7 dias","Especificação confirmada; presença no Brasil não confirmada","","família/modelo","Referência técnica — validar Brasil/SKU","filme/curativo adesivo transparente","saniderm","original tattoo bandage 3-pack medium","999","999","00099"
"Pós-tatuagem: filmes, curativos, sabonetes, cremes e kits de cuidados","Saniderm","Original Tattoo Bandage Roll Extra Large","SDRL10V1","Filme/curativo em rolo","","Rolo 10,2 in x 8 yd (25,9 cm x 7,32 m)","","","","","","1 rolo selado e estéril","Novas tatuagens, abrasões, lacerações e proteção contra fricção; impermeável e respirável segundo o fabricante","Especificação confirmada; presença no Brasil não confirmada","","família/modelo","Referência técnica — validar Brasil/SKU","filme/curativo em rolo","saniderm","original tattoo bandage roll extra large","999","999","00099"
"Pós-tatuagem: filmes, curativos, sabonetes, cremes e kits de cuidados","Saniderm","Original Tattoo Bandage Roll Large","não publicado na página consultada","Filme/curativo em rolo","","Rolo 8 in x 8 yd (20,3 cm x 7,32 m)","","","","","","Rolo profissional","Mesma indicação técnica do Original","Especificação confirmada; presença no Brasil não confirmada","","família/modelo","Referência técnica — validar Brasil/SKU","filme/curativo em rolo","saniderm","original tattoo bandage roll large","999","999","00099"
"Pós-tatuagem: filmes, curativos, sabonetes, cremes e kits de cuidados","Saniderm","Original Tattoo Bandage Roll Medium","não publicado na página consultada","Filme/curativo em rolo","","Rolo 6 in x 8 yd (15,2 cm x 7,32 m)","","","","","","Rolo profissional","Mesma indicação técnica do Original; seguir instruções do fabricante e avaliação da tolerância ao adesivo","Especificação confirmada; presença no Brasil não confirmada","","família/modelo","Referência técnica — validar Brasil/SKU","filme/curativo em rolo","saniderm","original tattoo bandage roll medium","999","999","00099"
"Pós-tatuagem: filmes, curativos, sabonetes, cremes e kits de cuidados","Saniderm","Original Tattoo Bandage Roll Small","não publicado na página consultada","Filme/curativo em rolo","","Rolo 4 in x 8 yd (10,2 cm x 7,32 m)","","","","","","Rolo profissional estéril/selado; unidade não publicada na página consultada","Corte sob medida para cobrir a tatuagem e margem; fabricante indica barreira contra poeira, bactérias, umidade e fricção","Especificação confirmada; presença no Brasil não confirmada","","família/modelo","Referência técnica — validar Brasil/SKU","filme/curativo em rolo","saniderm","original tattoo bandage roll small","999","999","00099"
"Pós-tatuagem: filmes, curativos, sabonetes, cremes e kits de cuidados","Hustle Butter","Tattoo Aftercare Wrap Large","não publicado na página consultada","Filme/curativo pós-tatuagem","","Wrap grande; dimensões exatas não publicadas na página consultada","","","","","","Apresentação Large","Fabricante descreve proteção de arte fresca durante cicatrização; não inferir impermeabilidade, esterilidade ou tempo máximo sem ficha técnica","Existência e tamanho comercial confirmados; especificação dimensional e presença no Brasil não confirmadas","","família/modelo","Referência técnica — validar Brasil/SKU","filme/curativo pós-tatuagem","hustle butter","tattoo aftercare wrap large","999","999","00099"
"Pós-tatuagem: filmes, curativos, sabonetes, cremes e kits de cuidados","Hustle Butter","Tattoo Aftercare Wrap Small","não publicado na página consultada","Filme/curativo pós-tatuagem","","Wrap pequeno; dimensões exatas não publicadas na página consultada","","","","","","Apresentação Small","Fabricante descreve proteção de arte fresca durante cicatrização; tamanho exato, material e adesivo não publicados","Existência e tamanho comercial confirmados; especificação dimensional e presença no Brasil não confirmadas","","família/modelo","Referência técnica — validar Brasil/SKU","filme/curativo pós-tatuagem","hustle butter","tattoo aftercare wrap small","999","999","00099"
"Batoques, copos de tinta, suportes e acessórios de pigmento","Kwadron","MAGIC TAPE Double-sided tape for cups BLACK","não publicado","Fita dupla-face para copos","","rolo; comprimento publicado de 5 m; largura não publicada","","","","","","1 rolo de 5 m; preto","Fixar copos/batoques e organizar a bancada; uso usual, confirmar com fabricante","","[1]","família/modelo","Fonte técnica modelada","fita dupla-face para copos","kwadron","magic tape double-sided tape for cups black","999","999","00099"
"Stencil: papel térmico, impressoras, transfer e fixadores","Stencil Stuff","Spray Stuff 8 oz / 240 ml","não publicado","fixador / spray de stencil","","spray para fixar stencil e desenho freehand","","não aplicável","","não aplicável","não aplicável","frasco de 8 oz/240 ml","distribuidor reconhecido descreve como fixador que prolonga a duração do stencil e pode definir desenhos freehand; confirmar fórmula e disponibilidade com fabricante","Presença comercial no Brasil não confirmada; especificação confirmada pelo distribuidor reconhecido quanto ao volume e uso descrito","Spray Stuff – I Max Shop","família/modelo","Referência técnica — validar Brasil/SKU","fixador / spray de stencil","stencil stuff","spray stuff 8 oz / 240 ml","999","999","00099"
"Máquinas, grips, fontes, baterias e cabos","Critical","Atom X","CT-ATOM-X-BLACK; variante prata publicada","Fonte de alimentação digital","","fonte para coil e rotary; base magnética de neodímio; modos manual, momentary e maintained; jump-start","","1,75 in altura × 2,87 in diâmetro","","não aplicável","não aplicável","unidade com adaptador e manual; cores preta e prata","alimentação e controle de tensão para máquinas coil/rotary; jump-start para rotativas de partida difícil","especificação confirmada por distribuidor reconhecido; presença comercial no Brasil não confirmada","Worldwide Tattoo Supply — Atom X","família/modelo","Referência técnica — validar Brasil/SKU","fonte de alimentação digital","critical","atom x","999","999","00099"
"Preparo de pele, lubrificantes, vaselinas, gels, butters e limpeza durante procedimento","Reilly Tattoo","Vasigel Finalizador","não publicado","Gel finalizador/cuidado pós-procedimento","","gel em pote","","","","","","300 g","Finalizar tatuagens; ficha do distribuidor cita hidratação, redução de irritações, minimização de poros e sensação de frescor","Presença comercial no Brasil confirmada por distribuidor; especificação confirmada pelo distribuidor","Equipa Art — Vasigel Reilly Tattoo 300 g","família/modelo","Fonte técnica modelada","gel finalizador/cuidado pós-procedimento","reilly tattoo","vasigel finalizador","999","999","00099"
"Máquinas, grips, fontes, baterias e cabos","FK Irons","Slim Xion/Xion S Disposable Grip","não publicado","Grip descartável","","grip para máquinas com drive bar integrado; bore central publicado","","4 mm; furo central 3 mm","","não aplicável","não publicado","caixa com 24 unidades","uso usual, confirmar com fabricante: compatibilidade com máquinas de drive bar integrado","especificação confirmada; presença comercial no Brasil não confirmada","FK Irons Slim Xion/Xion S","família/modelo","Referência técnica — validar Brasil/SKU","grip descartável","fk irons","slim xion/xion s disposable grip","999","999","00099"
"Stencil: papel térmico, impressoras, transfer e fixadores","HPRT","Wireless Tattoo Stencil Printer with 10 Transfer Sheets, Black","SKU 100601760; barcode não publicado como código EAN no catálogo","impressora / stencil térmico","","portátil, térmica, Bluetooth para iOS/Android e USB para Windows/Mac","","não publicado; peso publicado de 530 g; bateria interna 2000 mAh","","não aplicável","não aplicável","unidade com 10 folhas de transferência; página também informa até 200 stencils por carga","impressão térmica sem tinta para desenhos de tatuagem; o fabricante informa que o papel não transfere diretamente à pele e requer álcool + creme/gel de transferência","Presença comercial brasileira não confirmada; especificação confirmada pelo fabricante/distribuidor HPRT, produto marcado como sold out na página consultada","HPRT Wireless Tattoo Stencil Printer","família/modelo","Referência técnica — validar Brasil/SKU","impressora / stencil térmico","hprt","wireless tattoo stencil printer with 10 transfer sheets, black","999","999","00099"
"Stencil: papel térmico, impressoras, transfer e fixadores","S8 Tattoo / Brother Mobile Solutions","S8 Stencil Printer 8 Series – USB","referência exata não publicada na página S8 consultada","impressora / stencil térmico","","versão USB; formato máximo de mídia não publicado pela S8 consultada","","não publicado","","não aplicável","não aplicável","unidade","impressão de stencil térmico; “uso usual, confirmar com fabricante” para sistema operacional, mídia e consumíveis específicos","Presença comercial no Brasil não confirmada; existência da variação USB confirmada no catálogo S8","S8 Stencil Printer","família/modelo","Referência técnica — validar Brasil/SKU","impressora / stencil térmico","s8 tattoo / brother mobile solutions","s8 stencil printer 8 series – usb","999","999","00099"
"Stencil: papel térmico, impressoras, transfer e fixadores","S8 Tattoo / Brother Mobile Solutions","S8 Stencil Printer 8 Series – Wireless","PJ-773-C132 (referência Brother para versão Wi‑Fi/USB; a página S8 também chama “8 Series – Wireless”)","impressora / stencil térmico","","impressora portátil para papel térmico de stencil; S8 informa impressão a 300 dpi, Bluetooth e compatibilidade com Mac, iPhone, iPad, Windows e Android","","não publicado pela S8; Brother publica velocidade de até 8 páginas/min e interfaces USB 2.0/Wi‑Fi","","não aplicável","não aplicável","unidade; bateria Li-Ion opcional, até 600 impressões conforme S8","impressão digital de stencils para estúdios; compatível com S8 Thermal e Spirit Thermal; confirmar voltagem, disponibilidade e assistência no Brasil","Presença comercial no Brasil não confirmada nas páginas consultadas; especificação confirmada pelos fabricantes quanto a 300 dpi, conectividade e compatibilidade","S8 Stencil Printer; Brother PJ-773-C132","família/modelo","Referência técnica — validar Brasil/SKU","impressora / stencil térmico","s8 tattoo / brother mobile solutions","s8 stencil printer 8 series – wireless","999","999","00099"
"Stencil: papel térmico, impressoras, transfer e fixadores","Xprinter","K82 Tattoo Stencil Printer","K82","impressora / stencil térmico","","largura máxima de impressão 210 mm; impressão térmica direta","","não publicado; resolução publicada de 203 dpi","","não aplicável","não aplicável","unidade","papel de transferência para tatuagem; uso para stencil térmico, confirmar compatibilidade com marcas de papel","Presença comercial brasileira não confirmada; especificação confirmada na ficha do fabricante","Xprinter K82","família/modelo","Referência técnica — validar Brasil/SKU","impressora / stencil térmico","xprinter","k82 tattoo stencil printer","999","999","00099"
"Limpeza, desinfecção, esterilização, indicadores e embalagens","3M / Solventum","Indicador biológico de leitura rápida para ETO Attest","1294","Indicador biológico / ETO","","Indicador biológico de leitura rápida","","não aplicável","","não aplicável","não aplicável","não publicado","Controle biológico de óxido de etileno","Produto publicado oficialmente no Brasil; período e apresentação devem ser confirmados na IFU","3M Brasil — 1294","família/modelo","Pendente de validação de SKU","indicador biológico / eto","3m / solventum","indicador biológico de leitura rápida para eto attest","999","999","00099"
"Limpeza, desinfecção, esterilização, indicadores e embalagens","3M / Solventum","Indicador biológico para ETO Attest","1264","Indicador biológico / ETO","","Indicador biológico; leitura em 48 h","","não aplicável","","não aplicável","não aplicável","não publicado","Controle biológico de óxido de etileno","Produto publicado oficialmente no Brasil; especificação de apresentação não publicada na categoria","3M Brasil — catálogo","família/modelo","Pendente de validação de SKU","indicador biológico / eto","3m / solventum","indicador biológico para eto attest","999","999","00099"
"Limpeza, desinfecção, esterilização, indicadores e embalagens","3M / Solventum","Indicador biológico para ETO Attest","1264S","Indicador biológico / ETO","","Indicador biológico; leitura em 48 h","","não aplicável","","não aplicável","não aplicável","não publicado","Controle biológico de óxido de etileno","Produto publicado oficialmente no Brasil; confirmar diferença de SKU e apresentação com representante","3M Brasil — catálogo","família/modelo","Pendente de validação de SKU","indicador biológico / eto","3m / solventum","indicador biológico para eto attest","999","999","00099"
"Limpeza, desinfecção, esterilização, indicadores e embalagens","3M / Solventum","Indicador biológico de leitura rápida para vapor Attest","1291","Indicador biológico / vapor","","Indicador biológico autocontido; leitura rápida","","não aplicável","","não aplicável","não aplicável","não publicado","Controle biológico de esterilização a vapor; período de incubação publicado na categoria como 1 h para leitura rápida","Produto publicado oficialmente no Brasil; organismo/população não publicados na listagem","3M Brasil — 1291","família/modelo","Pendente de validação de SKU","indicador biológico / vapor","3m / solventum","indicador biológico de leitura rápida para vapor attest","999","999","00099"
"Limpeza, desinfecção, esterilização, indicadores e embalagens","3M / Solventum","Indicador biológico de leitura rápida para vapor Attest","1292","Indicador biológico / vapor","","Indicador biológico autocontido; leitura rápida","","não aplicável","","não aplicável","não aplicável","não publicado","Controle biológico de vapor; leitura rápida","Produto publicado oficialmente no Brasil; período de incubação e apresentação devem ser confirmados no SKU","3M Brasil — 1292","família/modelo","Pendente de validação de SKU","indicador biológico / vapor","3m / solventum","indicador biológico de leitura rápida para vapor attest","999","999","00099"
"Limpeza, desinfecção, esterilização, indicadores e embalagens","3M / Solventum","Indicador biológico de leitura super-rápida para vapor Attest","1492V","Indicador biológico / vapor","","Indicador biológico autocontido; leitura super-rápida","","não aplicável","","não aplicável","não aplicável","não publicado","Controle biológico de vapor; leitura super-rápida","Produto publicado oficialmente no Brasil; compatibilidade com leitora deve ser cadastrada separadamente","3M Brasil — 1492V","família/modelo","Pendente de validação de SKU","indicador biológico / vapor","3m / solventum","indicador biológico de leitura super-rápida para vapor attest","999","999","00099"
"Limpeza, desinfecção, esterilização, indicadores e embalagens","3M / Solventum","Indicador biológico de vapor Attest","1262","Indicador biológico / vapor","","Indicador biológico; leitura final negativa em 48 h","","não aplicável","","não aplicável","não aplicável","não publicado","Controle biológico de vapor; leitura final negativa em 48 h","Produto publicado oficialmente no Brasil; apresentação varia por SKU","3M Brasil — 1262","família/modelo","Pendente de validação de SKU","indicador biológico / vapor","3m / solventum","indicador biológico de vapor attest","999","999","00099"
"Limpeza, desinfecção, esterilização, indicadores e embalagens","3M / Solventum","Indicador biológico de vapor Attest","1262B","Indicador biológico / vapor","","Indicador biológico; caixa com 100 ampolas","","não aplicável","","não aplicável","não aplicável","caixa com 100 ampolas","Controle biológico de vapor; leitura final negativa em 48 h","Especificação e apresentação confirmadas na página brasileira","3M Brasil — 1262B","família/modelo","Fonte técnica modelada","indicador biológico / vapor","3m / solventum","indicador biológico de vapor attest","999","999","00099"
"Limpeza, desinfecção, esterilização, indicadores e embalagens","3M / Solventum","Indicador biológico de vapor Attest","1262BT","Indicador biológico / vapor","","Indicador biológico; caixa com 10 unidades","","não aplicável","","não aplicável","não aplicável","caixa com 10 unidades","Controle biológico de vapor; leitura final negativa em 48 h","Especificação e apresentação confirmadas na página brasileira","3M Brasil — 1262BT","família/modelo","Fonte técnica modelada","indicador biológico / vapor","3m / solventum","indicador biológico de vapor attest","999","999","00099"
"Limpeza, desinfecção, esterilização, indicadores e embalagens","Sispack","Indicador biológico vapor","BT225","Indicador biológico / vapor","","não publicado","","não aplicável","","não aplicável","não aplicável","não publicado","Controle biológico de vapor; especificação operacional deve ser confirmada","Presença comercial no Brasil confirmada pelo catálogo; detalhes não publicados na listagem","Sispack — Produtos","família/modelo","Pendente de validação de SKU","indicador biológico / vapor","sispack","indicador biológico vapor","999","999","00099"
"Limpeza, desinfecção, esterilização, indicadores e embalagens","Sispack","Indicador biológico vapor 24 h","SP20","Indicador biológico / vapor","","Autocontido","","não aplicável","","não aplicável","não aplicável","não publicado","Controle biológico de esterilização a vapor; resposta final em até 24 horas","Presença comercial no Brasil confirmada; organismo e população não publicados na página resumida","Sispack — SP20","família/modelo","Pendente de validação de SKU","indicador biológico / vapor","sispack","indicador biológico vapor 24 h","999","999","00099"
"Limpeza, desinfecção, esterilização, indicadores e embalagens","Sispack","Indicador biológico vapor 3 h","SP220","Indicador biológico / vapor","","Autocontido, terceira geração","","não aplicável","","não aplicável","não aplicável","não publicado","Controle biológico de esterilização a vapor saturado, resposta final em 3 horas","Presença comercial no Brasil confirmada; organismo, população e incubadora compatível não publicados na página resumida","Sispack — SP220","família/modelo","Pendente de validação de SKU","indicador biológico / vapor","sispack","indicador biológico vapor 3 h","999","999","00099"
"Limpeza, desinfecção, esterilização, indicadores e embalagens","3M / Solventum","Indicador biológico de VH2O2 Attest","1295","Indicador biológico / VH2O2","","Indicador biológico de leitura rápida","","não aplicável","","não aplicável","não aplicável","30 por pacote; 4 pacotes por caixa","Controle biológico de peróxido de hidrogênio vaporizado","Produto publicado oficialmente no Brasil; apresentação confirmada na página de categoria","3M Brasil — 1295","família/modelo","Fonte técnica modelada","indicador biológico / vh2o2","3m / solventum","indicador biológico de vh2o2 attest","999","999","00099"
"Limpeza, desinfecção, esterilização, indicadores e embalagens","Sispack","Indicador biológico vapor","BT98","Indicador biológico / VH2O2","","não publicado","","não aplicável","","não aplicável","não aplicável","não publicado","Controle biológico de VH2O2, conforme seção de monitoramento publicada","Presença comercial no Brasil confirmada; tempo de leitura não publicado na listagem","Sispack — Produtos","família/modelo","Pendente de validação de SKU","indicador biológico / vh2o2","sispack","indicador biológico vapor","999","999","00099"
"Limpeza, desinfecção, esterilização, indicadores e embalagens","3M / Solventum","Pacote teste Bowie-Dick Comply","1233","Indicador químico / Bowie-Dick","","Pacote pronto","","não aplicável","","não aplicável","não aplicável","caixa com 30, conforme título da página","Teste Bowie-Dick para autoclaves compatíveis; confirmar ciclo e equipamento","Produto publicado oficialmente no Brasil; apresentação confirmada no título","3M Brasil — 1233","família/modelo","Fonte técnica modelada","indicador químico / bowie-dick","3m / solventum","pacote teste bowie-dick comply","999","999","00099"
"Limpeza, desinfecção, esterilização, indicadores e embalagens","3M / Solventum","Pacote teste Bowie-Dick Comply","1233LF BR","Indicador químico / Bowie-Dick","","Pacote pronto","","não aplicável","","não aplicável","não aplicável","não publicado na página resumida","Teste Bowie-Dick; uso usual, confirmar com fabricante","Produto publicado oficialmente no Brasil; SKU BR confirmado, apresentação não publicada","3M Brasil — 1233LF BR","família/modelo","Pendente de validação de SKU","indicador químico / bowie-dick","3m / solventum","pacote teste bowie-dick comply","999","999","00099"
"Limpeza, desinfecção, esterilização, indicadores e embalagens","3M / Solventum","Pacote teste Bowie-Dick Comply","0135LF BR","Indicador químico / Bowie-Dick","","Pacote pronto","","não aplicável","","não aplicável","não aplicável","não publicado","Teste Bowie-Dick; uso usual, confirmar com fabricante","Produto publicado oficialmente no Brasil; apresentação não publicada","3M Brasil — 0135LF BR","família/modelo","Pendente de validação de SKU","indicador químico / bowie-dick","3m / solventum","pacote teste bowie-dick comply","999","999","00099"
"Limpeza, desinfecção, esterilização, indicadores e embalagens","3M / Solventum","Pacote teste Bowie-Dick Comply","1300","Indicador químico / Bowie-Dick","","Pacote pronto","","não aplicável","","não aplicável","não aplicável","não publicado","Teste Bowie-Dick; uso usual, confirmar com fabricante","Produto publicado oficialmente no Brasil; apresentação não publicada","3M Brasil — 1300","família/modelo","Pendente de validação de SKU","indicador químico / bowie-dick","3m / solventum","pacote teste bowie-dick comply","999","999","00099"
"Limpeza, desinfecção, esterilização, indicadores e embalagens","3M / Solventum","Pacote teste Bowie-Dick Comply","1301","Indicador químico / Bowie-Dick","","Pacote pronto","","não aplicável","","não aplicável","não aplicável","não publicado","Teste Bowie-Dick; uso usual, confirmar com fabricante","Produto publicado oficialmente no Brasil; apresentação não publicada","3M Brasil — 1301","família/modelo","Pendente de validação de SKU","indicador químico / bowie-dick","3m / solventum","pacote teste bowie-dick comply","999","999","00099"
"Limpeza, desinfecção, esterilização, indicadores e embalagens","Sispack","Bowie & Dick folha tamanho A4","BDA4","Indicador químico / Bowie-Dick","","Folha A4","","A4; gramatura não publicada","","não aplicável","não aplicável","folha","Teste Bowie-Dick; confirmar equipamento e ciclo","Presença comercial no Brasil confirmada; especificação de processo não publicada","Sispack — Produtos","família/modelo","Fonte técnica modelada","indicador químico / bowie-dick","sispack","bowie & dick folha tamanho a4","999","999","00099"
"Limpeza, desinfecção, esterilização, indicadores e embalagens","Sispack","Bowie & Dick folha tamanho A5","BDA5","Indicador químico / Bowie-Dick","","Folha A5","","A5; gramatura não publicada","","não aplicável","não aplicável","folha","Teste Bowie-Dick; confirmar equipamento e ciclo","Presença comercial no Brasil confirmada; especificação de processo não publicada","Sispack — Produtos","família/modelo","Fonte técnica modelada","indicador químico / bowie-dick","sispack","bowie & dick folha tamanho a5","999","999","00099"
"Limpeza, desinfecção, esterilização, indicadores e embalagens","Sispack","Bowie & Dick pacote pronto","BD125X/2","Indicador químico / Bowie-Dick","","Pacote pronto","","dimensões não publicadas","","não aplicável","não aplicável","pacote","Teste Bowie-Dick; uso usual, confirmar com fabricante","Presença comercial no Brasil confirmada; diferença para BD125X/1 não detalhada na página","Sispack — Produtos","família/modelo","Fonte técnica modelada","indicador químico / bowie-dick","sispack","bowie & dick pacote pronto","999","999","00099"
"Limpeza, desinfecção, esterilização, indicadores e embalagens","Sispack","Bowie & Dick pacote pronto com folha alerta","BD125X/1","Indicador químico / Bowie-Dick","","Pacote pronto","","dimensões não publicadas","","não aplicável","não aplicável","pacote","Teste Bowie-Dick para avaliação de remoção de ar/penetração de vapor em autoclaves compatíveis; confirmar IFU","Presença comercial no Brasil confirmada; classe e ciclo não publicados na listagem","Sispack — Produtos","família/modelo","Referência técnica — validar Brasil/SKU","indicador químico / bowie-dick","sispack","bowie & dick pacote pronto com folha alerta","999","999","00099"
"Limpeza, desinfecção, esterilização, indicadores e embalagens","3M / Solventum","Fita indicadora química para vapor Comply","1322","Indicador químico / fita tipo 1","","Fita adesiva","","19 mm x 50 m não publicado para 1322; não confundir com M332","","não aplicável","não aplicável","rolo; quantidade não publicada","Indicação de exposição a vapor; não substitui monitoramento interno/biológico","Produto publicado oficialmente no Brasil; confirmar largura/comprimento da apresentação","3M Brasil — catálogo","família/modelo","Fonte técnica modelada","indicador químico / fita tipo 1","3m / solventum","fita indicadora química para vapor comply","999","999","00099"
"Limpeza, desinfecção, esterilização, indicadores e embalagens","Sispack","Integrador químico óxido de etileno tipo 5","IT12","Indicador químico / integrador tipo 5","","Integrador químico","","dimensões e quantidade não publicadas","","não aplicável","não aplicável","não publicado","Monitoramento de processo de esterilização por óxido de etileno","Presença comercial no Brasil confirmada; critérios detalhados não publicados","Sispack — Produtos","família/modelo","Pendente de validação de SKU","indicador químico / integrador tipo 5","sispack","integrador químico óxido de etileno tipo 5","999","999","00099"
"Limpeza, desinfecção, esterilização, indicadores e embalagens","Sispack","Integrador químico vapor tipo 5 INTEGRON","IT26-C","Indicador químico / integrador tipo 5","","Integrador de ponto único, mudança de limite","","dimensões e quantidade não publicadas","","não aplicável","não aplicável","não publicado","Monitorização de esterilização a vapor entre 121 °C e 134 °C, conforme fabricante","Presença comercial no Brasil confirmada; faixa/tempo devem ser confirmados na IFU vigente","Sispack — IT26-C","família/modelo","Pendente de validação de SKU","indicador químico / integrador tipo 5","sispack","integrador químico vapor tipo 5 integron","999","999","00099"
"Limpeza, desinfecção, esterilização, indicadores e embalagens","3M / Solventum","Indicador químico para VH2O2 Attest","1228","Indicador químico / tipo 1","","Indicador químico","","dimensões e quantidade não publicadas","","não aplicável","não aplicável","não publicado","Indicação de exposição a peróxido de hidrogênio vaporizado","Produto publicado oficialmente no Brasil; classe publicada como tipo 1","3M Brasil — 1228","família/modelo","Pendente de validação de SKU","indicador químico / tipo 1","3m / solventum","indicador químico para vh2o2 attest","999","999","00099"
"Limpeza, desinfecção, esterilização, indicadores e embalagens","Sispack","Indicador químico VH2O2 tipo 1","CD42","Indicador químico / tipo 1","","Indicador químico para peróxido de hidrogênio","","dimensões e quantidade não publicadas","","não aplicável","não aplicável","não publicado","Indicação de exposição a VH2O2, conforme descrição publicada","Presença comercial no Brasil confirmada; não usar como integrador tipo 5 sem confirmação","Sispack — Produtos","família/modelo","Pendente de validação de SKU","indicador químico / tipo 1","sispack","indicador químico vh2o2 tipo 1","999","999","00099"
"Limpeza, desinfecção, esterilização, indicadores e embalagens","3M / Solventum","Indicador químico para ETO Comply","1251","Indicador químico / tipo 4","","Indicador químico","","dimensões e quantidade não publicadas","","não aplicável","não aplicável","não publicado","Monitoramento químico de óxido de etileno","Produto publicado oficialmente no Brasil; classe tipo 4 confirmada","3M Brasil — catálogo","família/modelo","Pendente de validação de SKU","indicador químico / tipo 4","3m / solventum","indicador químico para eto comply","999","999","00099"
"Limpeza, desinfecção, esterilização, indicadores e embalagens","3M / Solventum","Indicador químico para vapor Attest","1250","Indicador químico / tipo 4","","Tira/indicador químico","","dimensões e quantidade não publicadas na página de categoria","","não aplicável","não aplicável","não publicado","Monitoramento químico de vapor, tipo 4","Página oficial brasileira confirma produto e identificação; apresentação/dimensões devem ser obtidas na ficha vigente","3M Brasil — 1250","família/modelo","Pendente de validação de SKU","indicador químico / tipo 4","3m / solventum","indicador químico para vapor attest","999","999","00099"
"Limpeza, desinfecção, esterilização, indicadores e embalagens","Sispack","Indicador químico multiparamétrico formaldeído tipo 4","CD50","Indicador químico / tipo 4","","Multiparamétrico","","dimensões e quantidade não publicadas","","não aplicável","não aplicável","não publicado","Monitoramento químico de esterilização por formaldeído","Presença comercial no Brasil confirmada; faixa de processo e interpretação não publicadas","Sispack — Produtos","família/modelo","Pendente de validação de SKU","indicador químico / tipo 4","sispack","indicador químico multiparamétrico formaldeído tipo 4","999","999","00099"
"Limpeza, desinfecção, esterilização, indicadores e embalagens","Sispack","Indicador químico tipo 4 para VH2O2","CD40 VH2O2","Indicador químico / tipo 4","","Indicador químico tipo 4","","dimensões e quantidade não publicadas","","não aplicável","não aplicável","não publicado","Monitoramento químico de processo VH2O2, conforme categoria publicada","Presença comercial no Brasil confirmada; parâmetros de aceitação não publicados na página","Sispack — Produtos","família/modelo","Pendente de validação de SKU","indicador químico / tipo 4","sispack","indicador químico tipo 4 para vh2o2","999","999","00099"
"Limpeza, desinfecção, esterilização, indicadores e embalagens","3M / Solventum","Integrador químico para vapor Attest","1243A","Indicador químico / tipo 5","","Integrador químico","","dimensões não publicadas","","não aplicável","não aplicável","não publicado","Integração de parâmetros do processo a vapor; confirmar IFU","Produto listado oficialmente no Brasil; especificação detalhada não publicada na categoria","3M Brasil — catálogo","família/modelo","Pendente de validação de SKU","indicador químico / tipo 5","3m / solventum","integrador químico para vapor attest","999","999","00099"
"Limpeza, desinfecção, esterilização, indicadores e embalagens","3M / Solventum","Integrador químico para vapor Attest","1243B","Indicador químico / tipo 5","","Integrador químico","","dimensões não publicadas","","não aplicável","não aplicável","caixa com 100 unidades quando nessa apresentação","Integração de parâmetros do processo a vapor","Identificação brasileira HB004747505 para a versão geral e H0001931551 para caixa com 100; confirmar SKU de compra","3M Brasil — 1243B, 3M Brasil — caixa 100","família/modelo","Fonte técnica modelada","indicador químico / tipo 5","3m / solventum","integrador químico para vapor attest","999","999","00099"
"Limpeza, desinfecção, esterilização, indicadores e embalagens","3M / Solventum","Indicador químico para VH2O2 Comply","1248","Indicador químico / VH2O2","","Indicador químico","","dimensões e quantidade não publicadas","","não aplicável","não aplicável","não publicado","Monitoramento químico para VH2O2; confirmar finalidade exata na IFU","Produto publicado oficialmente no Brasil; detalhes de apresentação não publicados na categoria","3M Brasil — catálogo","família/modelo","Pendente de validação de SKU","indicador químico / vh2o2","3m / solventum","indicador químico para vh2o2 comply","999","999","00099"
"Limpeza, desinfecção, esterilização, indicadores e embalagens","3M / Solventum","Fita branca adesiva para vapor","M332","Indicador/insumo de embalagem","","Fita branca adesiva","","19 mm x 50 m","","não aplicável","não aplicável","rolo de 50 m","Fechamento/identificação de embalagens para vapor; confirmar se possui indicador de processo na apresentação adquirida","Presença e especificação confirmadas na página brasileira","3M Brasil — M332","família/modelo","Fonte técnica modelada","indicador/insumo de embalagem","3m / solventum","fita branca adesiva para vapor","999","999","00099"
"Limpeza, desinfecção, esterilização, indicadores e embalagens","Sispack","Lumênia L2","não publicado","Indicadores de limpeza / indicador","","não publicado","","não aplicável","","não aplicável","não aplicável","não publicado","Indicador de limpeza; uso usual, confirmar com fabricante","Presença comercial no Brasil confirmada; princípio de leitura e compatibilidade não publicados","Sispack — Produtos","família/modelo","Pendente de validação de SKU","indicadores de limpeza / indicador","sispack","lumênia l2","999","999","00099"
"Limpeza, desinfecção, esterilização, indicadores e embalagens","Sispack","Pro 1 Endo","não publicado","Indicadores de limpeza / indicador","","não publicado","","não aplicável","","não aplicável","não aplicável","não publicado","Indicador de limpeza; finalidade exata e método não publicados","Presença comercial no Brasil confirmada; especificação técnica insuficiente para definir ciclo ou critério de aceitação","Sispack — Produtos","família/modelo","Pendente de validação de SKU","indicadores de limpeza / indicador","sispack","pro 1 endo","999","999","00099"
"Limpeza, desinfecção, esterilização, indicadores e embalagens","Sispack","CDWA-3","CDWA-3","Indicadores de limpeza / indicador químico","","Indicador químico de limpeza para lavadoras automatizadas","","não aplicável","","não aplicável","não aplicável","não publicado","Monitoramento de limpeza em lavadoras automatizadas, conforme nome publicado","Presença comercial no Brasil confirmada; classe, composição e critérios de interpretação não publicados na página","Sispack — Produtos","família/modelo","Pendente de validação de SKU","indicadores de limpeza / indicador químico","sispack","cdwa-3","999","999","00099"
"Limpeza, desinfecção, esterilização, indicadores e embalagens","Sispack","Fita adesiva peróxido de hidrogênio","CT40","Indicadores químicos / fita","","Fita adesiva indicadora para VH2O2","","dimensões não publicadas","","não aplicável","não aplicável","rolo/fita; quantidade não publicada","Indicação de exposição a peróxido de hidrogênio vaporizado; não presumir validade para vapor","Presença comercial no Brasil confirmada; detalhes de mudança de cor não publicados","Sispack — Produtos","família/modelo","Referência técnica — validar Brasil/SKU","indicadores químicos / fita","sispack","fita adesiva peróxido de hidrogênio","999","999","00099"
"Limpeza, desinfecção, esterilização, indicadores e embalagens","Sispack","Fita adesiva vapor tipo 1 1042-S ADERE","1042-S","Indicadores químicos / fita tipo 1","","Fita adesiva indicadora para vapor","","largura, comprimento e unidade de venda não publicados","","não aplicável","não aplicável","rolo/fita; quantidade não publicada","Diferenciação visual de material exposto ao processo a vapor; não substitui indicador interno ou biológico","Presença comercial no Brasil confirmada; especificação do rolo não publicada","Sispack — Produtos","família/modelo","Fonte técnica modelada","indicadores químicos / fita tipo 1","sispack","fita adesiva vapor tipo 1 1042-s adere","999","999","00099"
"Tintas importadas","Dynamic","Dynamic Butter","não publicado","Insumo; butter/glide","","Pomada/deslizante para trabalho","","","","","","apresentação e volume não publicados na página inicial","Lubrificação e proteção durante o trabalho, conforme descrição “all-stage performance” do fabricante","Fabricante possui distribuidores no Brasil, mas a fonte não confirma estoque local [3] [4]","","família/modelo","Fonte técnica modelada","insumo; butter/glide","dynamic","dynamic butter","999","999","00099"
"Tintas importadas","INTENZE","Color Mixing Solution","não publicado","Insumo; solução de mistura","","Solução líquida","","","","","","1 oz, 4 oz e 12 oz","Diluição/sombreamento, conforme associação publicada pelo fabricante","Especificação confirmada; presença comercial brasileira não confirmada [5]","","família/modelo","Referência técnica — validar Brasil/SKU","insumo; solução de mistura","intenze","color mixing solution","999","999","00099"
"Pós-tatuagem: filmes, curativos, sabonetes, cremes e kits de cuidados","H2Ocean","Extreme Tattoo Care Kit","não publicado na página consultada","Kit de cuidados pós-tatuagem, sistema de 3 etapas","","Blue Green Foam Soap + Ocean Care moisturizer + Aquatat ointment","","","","","","1,7 oz sabonete + 74 g hidratante + 1,75 oz pomada","Fabricante orienta sabonete 3–4 vezes/dia, Aquatat nos dois primeiros dias e Ocean Care desde o terceiro; direcionado a áreas extremas/pele seca segundo a própria descrição","Produto publicado pelo fabricante; presença comercial no Brasil não confirmada","","família/modelo","Referência técnica — validar Brasil/SKU","kit de cuidados pós-tatuagem, sistema de 3 etapas","h2ocean","extreme tattoo care kit","999","999","00099"
"Pós-tatuagem: filmes, curativos, sabonetes, cremes e kits de cuidados","H2Ocean","Ultimate Tattoo Care Kit","não publicado na página consultada","Kit de cuidados pós-tatuagem, sistema de 3 etapas","","Blue Green Foam Soap + Ocean Care lotion + Ocean Foam","","","","","","Kit completo; quantidades individuais não detalhadas na página consultada","Fabricante descreve cuidado de todas as fases; sabonete 3–4 vezes/dia, loção após limpeza e Ocean Foam a partir do dia 2; indica uso em tatuagens de sombreado leve a costas inteiras","Produto publicado pelo fabricante; presença comercial no Brasil não confirmada","","família/modelo","Referência técnica — validar Brasil/SKU","kit de cuidados pós-tatuagem, sistema de 3 etapas","h2ocean","ultimate tattoo care kit","999","999","00099"
"Pós-tatuagem: filmes, curativos, sabonetes, cremes e kits de cuidados","Tattoo Goo","Tattoo Essentials Bundle","não publicado na página consultada","Kit/bundle pós-tatuagem","","Composição exata: não publicada na página consultada","","","","","","Bundle; quantidade de componentes não publicada na ficha consultada","Uso usual, confirmar com fabricante: conjunto de produtos de aftercare; não cadastrar componentes sem confirmar a composição vigente do bundle","Existência do bundle confirmada; composição e presença no Brasil não confirmadas","","família/modelo","Referência técnica — validar Brasil/SKU","kit/bundle pós-tatuagem","tattoo goo","tattoo essentials bundle","999","999","00099"
"Preparo de pele, lubrificantes, vaselinas, gels, butters e limpeza durante procedimento","Proton","Blue Soap","não publicado","Limpeza durante procedimento","","líquido","","","","","","500 ml / 17 oz","Sabonete para limpeza; indicação técnica detalhada não publicada na listagem — uso usual, confirmar com fabricante","Presença comercial em distribuidor reconhecido; presença brasileira não confirmada","Barber DTS — Proton Blue Soap","família/modelo","Referência técnica — validar Brasil/SKU","limpeza durante procedimento","proton","blue soap","999","999","00099"
"Preparo de pele, lubrificantes, vaselinas, gels, butters e limpeza durante procedimento","Hustle Butter","Foaming Tattoo Soap / Hustle Bubbles Foaming Soap — 7 fl oz","não publicado","Limpeza durante procedimento / sabonete espumante","","espuma pronta para uso","","","","","","7 fl oz; unidade","Limpador para tatuagem; o fabricante o descreve como cleanser eficaz e substituto de green soap. Uso durante a limpeza do procedimento; seguir rótulo","Presença comercial brasileira não confirmada; especificação de 7 fl oz confirmada pelo fabricante","Hustle Butter — Foaming Tattoo Soap","família/modelo","Referência técnica — validar Brasil/SKU","limpeza durante procedimento / sabonete espumante","hustle butter","foaming tattoo soap / hustle bubbles foaming soap — 7 fl oz","999","999","00099"
"Preparo de pele, lubrificantes, vaselinas, gels, butters e limpeza durante procedimento","SkinCare","Ease Clean — Skin Care Tattoo","não publicado","Limpeza durante procedimento / sabonete líquido","","líquido pronto para uso em garrafa","","","","","","1 L; garrafa","Sabonete à base de arnica, calêndula e camomila; ficha indica uso em qualquer momento do processo de aplicação da tatuagem e aplicação de camada fina, aguardando alguns minutos","Presença comercial no Brasil confirmada por distribuidor; volume, composição declarada e pronto-uso confirmados pelo distribuidor","Equipa Art — Ease Clean 1 L","família/modelo","Fonte técnica modelada","limpeza durante procedimento / sabonete líquido","skincare","ease clean — skin care tattoo","999","999","00099"
"Preparo de pele, lubrificantes, vaselinas, gels, butters e limpeza durante procedimento","Penny Black","Foam Wash — Bubblegum","não publicado","Limpeza durante procedimento; espuma","","espuma pronta para uso","","","","","","200 ml, apesar do slug mencionar 150 ml; priorizar título exibido e confirmar embalagem","Foam wash para limpeza; fragrância Bubblegum publicada; uso usual, confirmar com fabricante","Presença comercial em distribuidor reconhecido; presença brasileira não confirmada","Barber DTS — Bubblegum","família/modelo","Referência técnica — validar Brasil/SKU","limpeza durante procedimento; espuma","penny black","foam wash — bubblegum","999","999","00099"
"Preparo de pele, lubrificantes, vaselinas, gels, butters e limpeza durante procedimento","Penny Black","Foam Wash — Raspberry","não publicado","Limpeza durante procedimento; espuma","","espuma pronta para uso","","","","","","200 ml","Foam wash para limpeza; fragrância Raspberry publicada; uso usual, confirmar com fabricante","Presença comercial em distribuidor reconhecido; presença brasileira não confirmada","Barber DTS — Raspberry","família/modelo","Referência técnica — validar Brasil/SKU","limpeza durante procedimento; espuma","penny black","foam wash — raspberry","999","999","00099"
"Preparo de pele, lubrificantes, vaselinas, gels, butters e limpeza durante procedimento","Biotat","Numbing Green Soap Concentrated","não publicado","Limpeza durante procedimento; green soap concentrado","","concentrado líquido","","","","","","tamanhos/volumes variáveis; não publicados integralmente na página de categoria","Produto listado como green soap concentrado com efeito anestésico pela linha; não cadastrar alegação anestésica sem rótulo/ficha regulatória","Presença comercial em distribuidor reconhecido; presença brasileira não confirmada","Barber DTS — Hygiene & Cleaning","família/modelo","Referência técnica — validar Brasil/SKU","limpeza durante procedimento; green soap concentrado","biotat","numbing green soap concentrated","999","999","00099"
"Preparo de pele, lubrificantes, vaselinas, gels, butters e limpeza durante procedimento","Biotat","Numbing Green Soap Ready to Use","não publicado","Limpeza durante procedimento; sabonete pronto para uso","","líquido pronto para uso","","","","","","500 ml","Produto listado como green soap pronto para uso; finalidade detalhada e alegações anestésicas devem ser validadas no rótulo/ficha","Presença comercial em distribuidor reconhecido; presença brasileira não confirmada","Barber DTS — Ready to Use 500 ml","família/modelo","Referência técnica — validar Brasil/SKU","limpeza durante procedimento; sabonete pronto para uso","biotat","numbing green soap ready to use","999","999","00099"
"Limpeza, desinfecção, esterilização, indicadores e embalagens","Sispack","Kit de pistola de ar e água com régua e 9 bicos","não publicado","Limpeza e secagem / kit","","Pistola de ar e água, régua e 9 bicos","","não publicado","","9 bicos","não aplicável","kit","Limpeza e secagem de instrumentais; uso usual, confirmar compatibilidade com instrumental e fonte de ar/água","Presença comercial no Brasil confirmada; composição de materiais e dimensões não publicadas","Sispack — Produtos","família/modelo","Fonte técnica modelada","limpeza e secagem / kit","sispack","kit de pistola de ar e água com régua e 9 bicos","999","999","00099"
"Limpeza, desinfecção, esterilização, indicadores e embalagens","Sispack","Pistola pressurizada PS 20","PS 20","Limpeza e secagem / pistola","","Pistola pressurizada","","não publicado","","não aplicável","não aplicável","unidade","Equipamento para limpeza e secagem; parâmetros de uso não publicados","Fabricante/distribuidor com site e contatos no Brasil; especificação confirmada apenas quanto ao nome e função publicada","Sispack — Produtos","família/modelo","Fonte técnica modelada","limpeza e secagem / pistola","sispack","pistola pressurizada ps 20","999","999","00099"
"Limpeza, desinfecção, esterilização, indicadores e embalagens","Sispack","Pistola pressurizada PS 30","PS 30","Limpeza e secagem / pistola","","Pistola pressurizada","","não publicado","","não aplicável","não aplicável","unidade","Equipamento para limpeza e secagem; uso usual, confirmar com fabricante","Presença comercial no Brasil confirmada pelo catálogo nacional; especificações dimensionais não publicadas","Sispack — Produtos","família/modelo","Fonte técnica modelada","limpeza e secagem / pistola","sispack","pistola pressurizada ps 30","999","999","00099"
"Preparo de pele, lubrificantes, vaselinas, gels, butters e limpeza durante procedimento","Unistar","Green Soap","não publicado","Limpeza/preparo de pele","","líquido","","","","","","1 L / 1000 ml","Green soap para limpeza; indicação detalhada e diluição não publicadas na página consultada — uso usual, confirmar com fabricante","Presença comercial em distribuidor reconhecido; presença brasileira não confirmada","Barber DTS — Unistar Green Soap","família/modelo","Referência técnica — validar Brasil/SKU","limpeza/preparo de pele","unistar","green soap","999","999","00099"
"Preparo de pele, lubrificantes, vaselinas, gels, butters e limpeza durante procedimento","Cosco","Tincture of Green Soap","não publicado","Limpeza/preparo de pele; green soap concentrado","","líquido concentrado","","","","","","473 ml e 3,75 L (1 gallon)","Limpeza/preparo e uso em stencil conforme distribuidor; diluição exata deve seguir rótulo/ficha do fabricante","Presença comercial em distribuidor internacional reconhecido; presença comercial brasileira não confirmada","Barber DTS — 473 ml; Barber DTS — 1 gallon","família/modelo","Referência técnica — validar Brasil/SKU","limpeza/preparo de pele; green soap concentrado","cosco","tincture of green soap","999","999","00099"
"Preparo de pele, lubrificantes, vaselinas, gels, butters e limpeza durante procedimento","Panthera","Green Soap Concentrate","não publicado","Limpeza/preparo de pele; green soap concentrado","","concentrado líquido","","","","","","500 ml e 1 L, conforme listagem do distribuidor","Sabonete verde concentrado para limpeza; diluição e modo de uso não detalhados na listagem consultada — uso usual, confirmar com fabricante","Presença comercial em distribuidor reconhecido; presença brasileira não confirmada","Barber DTS — Hygiene & Cleaning","família/modelo","Referência técnica — validar Brasil/SKU","limpeza/preparo de pele; green soap concentrado","panthera","green soap concentrate","999","999","00099"
"Pós-tatuagem: filmes, curativos, sabonetes, cremes e kits de cuidados","Hustle Butter","Daily Rejuvenating Lotion","não publicado na página consultada","Loção hidratante para cuidado diário","","Loção","","","","","","3 fl oz e apresentação regular sem volume explicitado no trecho consultado","Cuidado diário para pele e tatuagens cicatrizadas; para tatuagem recém-feita, classificar como uso usual e confirmar protocolo","Especificação confirmada; presença no Brasil não confirmada","","família/modelo","Referência técnica — validar Brasil/SKU","loção hidratante para cuidado diário","hustle butter","daily rejuvenating lotion","999","999","00099"
"Pós-tatuagem: filmes, curativos, sabonetes, cremes e kits de cuidados","Tattoo Goo","Tattoo Care Lotion","não publicado na página consultada","Loção hidratante pós-tatuagem","","Loção","","","","","","Não publicado","Uso usual, confirmar com fabricante: hidratação de pele tatuada; a própria página do sabonete recomenda combinar com balm ou lotion, mas não publica ficha completa desta linha","Existência da linha confirmada; especificação detalhada e presença no Brasil não confirmadas","","família/modelo","Pendente de validação de SKU","loção hidratante pós-tatuagem","tattoo goo","tattoo care lotion","999","999","00099"
"Máquinas, grips, fontes, baterias e cabos","Cheyenne","HAWK Spirit","não publicado","Máquina rotativa","","formato angular; motor com escovas; conexão jack macho 3,5 mm","","grips S 22,0 mm ou M 25,4 mm","","não aplicável","não publicado","unidade; grips vendidos/variantes de cor","lining, color packing, shading, filling, dot work e pepper shading; intensidades comparativas publicadas pelo fabricante","especificação confirmada; presença comercial no Brasil não confirmada nesta pesquisa","Cheyenne comparison","família/modelo","Referência técnica — validar Brasil/SKU","máquina rotativa","cheyenne","hawk spirit","999","999","00099"
"Máquinas, grips, fontes, baterias e cabos","Cheyenne","HAWK Thunder","não publicado","Máquina rotativa","","formato angular; motor com escovas; jack macho 3,5 mm","","grips S 22,0 mm ou M 25,4 mm","","não aplicável","não publicado","unidade; grips e cores publicados","lining, color packing, shading, filling, dot work e pepper shading; uso técnico indicado na tabela do fabricante","especificação confirmada; presença comercial no Brasil não confirmada nesta pesquisa","Cheyenne comparison","família/modelo","Referência técnica — validar Brasil/SKU","máquina rotativa","cheyenne","hawk thunder","999","999","00099"
"Máquinas, grips, fontes, baterias e cabos","Cheyenne","SOL Luna","não publicado","Máquina rotativa angular","","formato angular; motor brushless; Steady Mode; jack macho 3,5 mm","","S 22,4 mm; M 25,4 mm; L 33,0 mm","","não aplicável","não publicado","unidade; grips por tamanho","lining, color packing, shading, filling, dot work e pepper shading; uso técnico conforme tabela do fabricante","especificação confirmada; presença comercial no Brasil não confirmada nesta pesquisa","Cheyenne comparison","família/modelo","Referência técnica — validar Brasil/SKU","máquina rotativa angular","cheyenne","sol luna","999","999","00099"
"Máquinas, grips, fontes, baterias e cabos","Cheyenne","SOL Terra","não publicado","Máquina rotativa angular","","formato angular; motor brushless; Steady Mode; jack macho 3,5 mm","","S 22,4 mm; M 25,4 mm; L 33,0 mm","","não aplicável","não publicado","unidade; grips por tamanho","lining, color packing, shading, filling, dot work e pepper shading; uso técnico conforme tabela do fabricante","especificação confirmada; presença comercial no Brasil não confirmada nesta pesquisa","Cheyenne comparison","família/modelo","Referência técnica — validar Brasil/SKU","máquina rotativa angular","cheyenne","sol terra","999","999","00099"
"Máquinas, grips, fontes, baterias e cabos","Bishop","Power Wand Advanced — Liner","não publicado","Máquina rotativa sem fio","","pen; curso fixo 5,0 mm; conexão magnética Snap; bateria Critical Connect","","diâmetro do corpo/grip não publicado","","não aplicável","não publicado","máquina; Full Set com baterias Standard/Shorty, dock, cabo e case","line work de todos os tipos, 3RL shading, black work e dot work","especificação confirmada; presença comercial no Brasil não confirmada nesta pesquisa","Bishop Power Wand Advanced","família/modelo","Referência técnica — validar Brasil/SKU","máquina rotativa sem fio","bishop","power wand advanced — liner","999","999","00099"
"Máquinas, grips, fontes, baterias e cabos","Bishop","Power Wand Advanced — Packer","não publicado","Máquina rotativa sem fio","","pen; curso fixo 4,2 mm; conexão magnética Snap; bateria Critical Connect","","diâmetro do corpo/grip não publicado","","não aplicável","não publicado","máquina; Full Set com baterias Standard/Shorty, dock, cabo e case","color packing, color realism, traditional color packing, saturação de tinta e linhas finas ou bold lines","especificação confirmada; presença comercial no Brasil não confirmada nesta pesquisa","Bishop Power Wand Advanced","família/modelo","Referência técnica — validar Brasil/SKU","máquina rotativa sem fio","bishop","power wand advanced — packer","999","999","00099"
"Máquinas, grips, fontes, baterias e cabos","Bishop","Power Wand Advanced — Shader","não publicado","Máquina rotativa sem fio","","pen; curso fixo 3,5 mm; conexão magnética Snap; bateria Critical Connect","","diâmetro do corpo/grip não publicado na página consultada","","não aplicável","não publicado","máquina; opção de kit Full Set com bateria Standard ou Shorty, dock, cabo magnético e case","black & grey, gradientes suaves, trabalho delicado e fine line, conforme fabricante","especificação confirmada; presença comercial no Brasil não confirmada nesta pesquisa","Bishop Power Wand Advanced","família/modelo","Referência técnica — validar Brasil/SKU","máquina rotativa sem fio","bishop","power wand advanced — shader","999","999","00099"
"Máquinas, grips, fontes, baterias e cabos","Cheyenne","SOL Nova Unlimited 3.5","não publicado","Máquina rotativa sem fio tipo pen","Soft Edge / Curved Magnum","pen; brushless; bateria integrada/sem plug publicado na tabela","","Standard 33,0 mm; Disposable Grip Ergo 1-Inch e Round","","não aplicável","não publicado","unidade; Standard incluído; grips descartáveis disponíveis","lining, color packing, shading, filling, dot work e pepper shading; uso técnico conforme tabela do fabricante","especificação confirmada; presença comercial no Brasil não confirmada nesta pesquisa","Cheyenne comparison","família/modelo","Referência técnica — validar Brasil/SKU","máquina rotativa sem fio tipo pen","cheyenne","sol nova unlimited 3.5","050","999","00099"
"Máquinas, grips, fontes, baterias e cabos","Cheyenne","SOL Nova Unlimited 4.0","não publicado","Máquina rotativa sem fio tipo pen","Soft Edge / Curved Magnum","pen; brushless; bateria integrada/sem plug publicado na tabela","","Standard 33,0 mm; Disposable Grip Ergo 1-Inch e Round","","não aplicável","não publicado","unidade; Standard incluído; grips descartáveis disponíveis","lining, color packing, shading, filling, dot work e pepper shading; uso técnico conforme tabela do fabricante","especificação confirmada; presença comercial no Brasil não confirmada nesta pesquisa","Cheyenne comparison","família/modelo","Referência técnica — validar Brasil/SKU","máquina rotativa sem fio tipo pen","cheyenne","sol nova unlimited 4.0","050","999","00099"
"Máquinas, grips, fontes, baterias e cabos","Cheyenne","HAWK Pen","não publicado","Máquina rotativa tipo pen","","pen; motor com escovas; jack macho 3,5 mm","","grip S cônico; M 25,4 mm; D-Grip Ergo 1-Inch, Round e Long","","não aplicável","não publicado","unidade; grip M incluído","lining, color packing, shading, filling, dot work e pepper shading; uso técnico conforme tabela do fabricante","especificação confirmada; presença comercial no Brasil não confirmada nesta pesquisa","Cheyenne comparison","família/modelo","Referência técnica — validar Brasil/SKU","máquina rotativa tipo pen","cheyenne","hawk pen","999","999","00099"
"Máquinas, grips, fontes, baterias e cabos","Cheyenne","SOL Nova","não publicado","Máquina rotativa tipo pen","","pen; motor brushless; Steady Mode; jack macho 3,5 mm","","Standard 33,0 mm; D-Grip Ergo 1-Inch e Round","","não aplicável","não publicado","unidade; grip Standard incluído","lining, color packing, shading, filling, dot work e pepper shading; dot/pepper shading aparecem com maior adequação comparativa na tabela oficial","especificação confirmada; presença comercial no Brasil não confirmada nesta pesquisa","Cheyenne comparison","família/modelo","Referência técnica — validar Brasil/SKU","máquina rotativa tipo pen","cheyenne","sol nova","999","999","00099"
"Máquinas, grips, fontes, baterias e cabos","FK Irons","Spektra Xion Stealth","não publicado","Máquina rotativa tipo pen","","alumínio aeronáutico; compatível com a maioria das fontes; rodas de curso intercambiáveis","","diâmetro não publicado na página consultada; peso 5,36 oz","","não aplicável","não publicado","unidade; rodas 3,2 mm e 3,7 mm incluídas","uso usual, confirmar com fabricante: curso curto/médio para lining, shading e packing conforme regulagem","especificação confirmada; presença comercial no Brasil não confirmada","FK Irons Xion Stealth","família/modelo","Referência técnica — validar Brasil/SKU","máquina rotativa tipo pen","fk irons","spektra xion stealth","999","999","00099"
"Batoques, copos de tinta, suportes e acessórios de pigmento","Kwadron","Box for Inkcups","não publicado","Organizador/caixa para batoques","","caixa; dimensões não publicadas","","","","","","1 unidade","Armazenamento e organização de copos; uso usual, confirmar com fabricante","","[1]","família/modelo","Fonte técnica modelada","organizador/caixa para batoques","kwadron","box for inkcups","999","999","00099"
"Limpeza, desinfecção, esterilização, indicadores e embalagens","Sispack","Pacote teste desafio","PDC225","Pacote desafio / processo não detalhado na listagem","","Pacote com indicador biológico","","não aplicável","","não aplicável","não aplicável","pacote","Pacote teste desafio; página oficial informa produto com resposta final negativa de 7 segundos, mas o método deve ser confirmado na ficha vigente","Presença comercial no Brasil confirmada; especificação completa não publicada na listagem","Sispack — PDC225","família/modelo","Fonte técnica modelada","pacote desafio / processo não detalhado na listagem","sispack","pacote teste desafio","999","999","00099"
"Limpeza, desinfecção, esterilização, indicadores e embalagens","3M / Solventum","Pacote teste desafio com IB e integrador Comply SteriGage","41482F","Pacote desafio / vapor","","Pacote com IB de leitura final negativa em 1 h e integrador tipo 5","","não aplicável","","não aplicável","não aplicável","caixa com 24, conforme título da página","Desafio/monitoramento de esterilização a vapor","Produto publicado oficialmente no Brasil; confirmar ciclo e compatibilidade na IFU","3M Brasil — 41482F","família/modelo","Fonte técnica modelada","pacote desafio / vapor","3m / solventum","pacote teste desafio com ib e integrador comply sterigage","999","999","00099"
"Limpeza, desinfecção, esterilização, indicadores e embalagens","3M / Solventum","Pacote teste desafio de vapor Attest","41382BR","Pacote desafio / vapor","","Pacote pronto com IB 1292 e integrador químico 1243R","","não aplicável","","não aplicável","não aplicável","caixa com 16 pacotes e 16 ampolas de controle, conforme página do produto","Monitoramento de rotina e qualificação de esterilização a vapor; página informa ciclos de 121 °C ≥30 min por gravidade e 132 °C ≥4 min por remoção dinâmica de ar","Produto publicado oficialmente no Brasil; indicação para autoclaves maiores que 56 L descrita na página do produto","3M Brasil — 41382BR","família/modelo","Fonte técnica modelada","pacote desafio / vapor","3m / solventum","pacote teste desafio de vapor attest","999","999","00099"
"Limpeza, desinfecção, esterilização, indicadores e embalagens","3M / Solventum","Pacote teste desafio de vapor Attest","41482V","Pacote desafio / vapor","","Pacote com IB 1292 e integrador tipo 5 1243R","","não aplicável","","não aplicável","não aplicável","não publicado na página resumida","Monitoramento de rotina/qualificação do processo a vapor; leitura super-rápida publicada","Produto publicado oficialmente no Brasil; apresentação completa deve ser confirmada","3M Brasil — 41482V","família/modelo","Pendente de validação de SKU","pacote desafio / vapor","3m / solventum","pacote teste desafio de vapor attest","999","999","00099"
"Limpeza, desinfecção, esterilização, indicadores e embalagens","Sispack","Pacote desafio com IB 20 min e IQ tipo 5","KPCD224-C","Pacote desafio / vapor","","Pacote com indicador biológico e integrador químico","","não aplicável","","não aplicável","não aplicável","pacote","Monitoramento/desafio do processo a vapor; resposta publicada de 20 minutos","Presença comercial no Brasil confirmada; compatibilidade do ciclo deve ser verificada na IFU","Sispack — Produtos","família/modelo","Fonte técnica modelada","pacote desafio / vapor","sispack","pacote desafio com ib 20 min e iq tipo 5","999","999","00099"
"Limpeza, desinfecção, esterilização, indicadores e embalagens","Sispack","Pacote teste desafio vapor 1 h vácuo e gravidade","PCD222 / KPCD222-C","Pacote desafio / vapor","","Pacote de uso único; PCD com IB e IQ tipo 5","","não aplicável","","não aplicável","não aplicável","pacote","Desafiar processos de esterilização a vapor em autoclaves assistidas por bomba; a ficha do KPCD222-C informa IB 1 h, IQ tipo 5 e indicador externo tipo 1","Presença comercial no Brasil confirmada; confirmar código exato e versão antes do cadastro","Sispack — PCD222, ficha KPCD222-C","família/modelo","Fonte técnica modelada","pacote desafio / vapor","sispack","pacote teste desafio vapor 1 h vácuo e gravidade","999","999","00099"
"Stencil: papel térmico, impressoras, transfer e fixadores","Spirit Tattoo","Classic Freehand","não publicado","papel de transferência / freehand","","formato e dimensões não publicados na página consultada","","não publicado","","não aplicável","não aplicável","apresentação e quantidade não publicadas na página consultada; produto listado pelo fabricante","desenho freehand e transferência manual; “uso usual, confirmar com fabricante” quanto a substrato e procedimento","Presença comercial: catálogo/revendedores Spirit; especificação confirmada apenas quanto à existência da linha","Spirit Classic Freehand","família/modelo","Fonte técnica modelada","papel de transferência / freehand","spirit tattoo","classic freehand","999","999","00099"
"Stencil: papel térmico, impressoras, transfer e fixadores","Spirit Tattoo / ReproFX","Classic Thermal 11\""","não publicado","papel térmico / stencil","","folha térmica 11\""; largura exata não publicada na página","","não publicado","","não aplicável","não aplicável","linha publicada como “11\""”; quantidade não publicada na página consultada","transferência térmica de stencil; uso em impressoras térmicas, confirmar compatibilidade dimensional","Presença comercial: distribuidor listado pela Spirit no Brasil (Electric Ink); especificação confirmada: linha e formato pelo fabricante","Spirit Classic Thermal 11\""","família/modelo","Fonte técnica modelada","papel térmico / stencil","spirit tattoo / reprofx","classic thermal 11\""","999","999","00099"
"Stencil: papel térmico, impressoras, transfer e fixadores","Spirit Tattoo / ReproFX","Classic Thermal 14\""","não publicado","papel térmico / stencil","","folha térmica 14\""; largura exata não publicada na página","","não publicado","","não aplicável","não aplicável","linha publicada como “14\""”; quantidade não publicada na página consultada","transferência térmica de stencil; uso em impressoras térmicas, confirmar compatibilidade dimensional","Presença comercial: distribuidor listado pela Spirit no Brasil (Electric Ink); especificação confirmada: linha e formato pelo fabricante","Spirit Classic Thermal 14\""","família/modelo","Fonte técnica modelada","papel térmico / stencil","spirit tattoo / reprofx","classic thermal 14\""","999","999","00099"
"Stencil: papel térmico, impressoras, transfer e fixadores","Spirit Tattoo / ReproFX","Classic Thermal Transparent Stencils / Clear Cut","não publicado","papel térmico / stencil transparente","","folha superior transparente; compatível com todas as impressoras térmicas, segundo fabricante","","não publicado","","não aplicável","não aplicável","caixa com 25 unidades térmicas transparentes","stencil de alta visibilidade para facilitar posicionamento, cover-up e preenchimento detalhado; fabricante informa produto skin-safe, vegano e estável em prateleira","Presença comercial: revendedores listados pela Spirit, incluindo Electric Ink no Brasil; especificação confirmada: 25 unidades, compatibilidade e características pelo fabricante","Spirit Classic Thermal Transparent Stencils","família/modelo","Fonte técnica modelada","papel térmico / stencil transparente","spirit tattoo / reprofx","classic thermal transparent stencils / clear cut","999","999","00099"
"Stencil: papel térmico, impressoras, transfer e fixadores","S8 Tattoo","S8 Red Thermal Paper","não publicado","papel térmico / stencil vermelho","","folha térmica vermelha; tamanho e espessura não publicados na página consultada","","não publicado","","não aplicável","não aplicável","50 unidades e 100 unidades, variações publicadas no catálogo S8","papel para impressora térmica e stencil; S8/Spirit confirmam compatibilidade com impressora S8; “uso usual, confirmar com fabricante” para outros duplicadores","Presença comercial brasileira não confirmada; especificação confirmada quanto à cor e às apresentações 50/100","S8 Red Stencil Paper; Spirit duplicadores recomendados","família/modelo","Referência técnica — validar Brasil/SKU","papel térmico / stencil vermelho","s8 tattoo","s8 red thermal paper","999","999","00099"
"Pós-tatuagem: filmes, curativos, sabonetes, cremes e kits de cuidados","H2Ocean","Aquatat Tattoo Healing Ointment","não publicado na página consultada","Pomada/bálsamo pós-tatuagem","","Pomada fina, à base de petrolato","","","","","","No Extreme Kit: 1,75 oz; avulsa: fabricante publica faixa de US$ 5–20, sem tamanho único confirmado no trecho","No Extreme Kit, camada muito fina nos dois primeiros dias; fabricante a associa a redução de descamação/coceira, especialmente em áreas secas; não extrapolar para indicação médica","Especificação confirmada; presença no Brasil não confirmada","","família/modelo","Referência técnica — validar Brasil/SKU","pomada/bálsamo pós-tatuagem","h2ocean","aquatat tattoo healing ointment","999","999","00099"
"Pós-tatuagem: filmes, curativos, sabonetes, cremes e kits de cuidados","Bepanthen","Tattoo Intense Care Ointment","não publicado na fonte de distribuidor consultada","Pomada/creme pós-tatuagem","","Pomada em tubo","","","","","","30 g publicado por distribuidores reconhecidos; Care to Beauty apresenta venda para o Brasil","Distribuidor descreve cuidado intensivo/regeneração de pele tatuada e preservação das cores; confirmar fabricante local, rotulagem brasileira e indicação regulatória antes de vender/aplicar","Presença comercial no Brasil indicada pela página Care to Beauty; especificação de fabricante não validada diretamente no portal brasileiro do fabricante","","família/modelo","Fonte técnica modelada","pomada/creme pós-tatuagem","bepanthen","tattoo intense care ointment","999","999","00099"
"Batoques, copos de tinta, suportes e acessórios de pigmento","Kwadron","Plastic jar for cups","não publicado","Pote para armazenamento de copos","","pote plástico; capacidade de 1.000 ml","","","","","","1 unidade","Armazenar copos/batoques; uso usual, confirmar com fabricante","","[1]","família/modelo","Fonte técnica modelada","pote para armazenamento de copos","kwadron","plastic jar for cups","999","999","00099"
"Preparo de pele, lubrificantes, vaselinas, gels, butters e limpeza durante procedimento","Hornet","Honey Stencil Gel","não publicado","Preparo de pele; gel de stencil","","gel","","","","","","250 ml","Gel de stencil; indicação derivada do nome/categoria da ficha — uso usual, confirmar com fabricante","Presença comercial em distribuidor reconhecido; presença brasileira não confirmada","Barber DTS — Hornet Honey","família/modelo","Referência técnica — validar Brasil/SKU","preparo de pele; gel de stencil","hornet","honey stencil gel","999","999","00099"
"Preparo de pele, lubrificantes, vaselinas, gels, butters e limpeza durante procedimento","Proton","Black Label Professional Stencil Primer Airless System","não publicado","Preparo de pele; primer/gel de stencil","","sistema airless","","","","","","250 ml / 8,5 oz","Primer profissional para stencil; cor Black Label publicada; seguir rótulo","Presença comercial em distribuidor reconhecido; presença brasileira não confirmada","Barber DTS — Proton Black Label","família/modelo","Referência técnica — validar Brasil/SKU","preparo de pele; primer/gel de stencil","proton","black label professional stencil primer airless system","999","999","00099"
"Preparo de pele, lubrificantes, vaselinas, gels, butters e limpeza durante procedimento","Proton","Blue Professional Stencil Primer Airless System","não publicado","Preparo de pele; primer/gel de stencil","","sistema airless","","","","","","250 ml / 8,5 oz","Primer profissional para stencil; cor Blue publicada; seguir rótulo","Presença comercial em distribuidor reconhecido; presença brasileira não confirmada","Barber DTS — Proton Blue","família/modelo","Referência técnica — validar Brasil/SKU","preparo de pele; primer/gel de stencil","proton","blue professional stencil primer airless system","999","999","00099"
"Preparo de pele, lubrificantes, vaselinas, gels, butters e limpeza durante procedimento","Proton","Pink Professional Stencil Primer Airless System","não publicado","Preparo de pele; primer/gel de stencil","","sistema airless","","","","","","250 ml / 8,5 oz","Primer profissional para stencil; cor Pink publicada; aplicar somente conforme instruções do rótulo","Presença comercial em distribuidor reconhecido; presença brasileira não confirmada","Barber DTS — Proton Pink","família/modelo","Referência técnica — validar Brasil/SKU","preparo de pele; primer/gel de stencil","proton","pink professional stencil primer airless system","999","999","00099"
"Preparo de pele, lubrificantes, vaselinas, gels, butters e limpeza durante procedimento","Electrum","Skin Prep & Stencil Repositioner","não publicado","Preparo de pele; reposicionador de stencil","","líquido em frasco","","","","","","8 oz / 240 ml","Preparação da pele e reposicionamento de stencil, conforme nome e categoria do distribuidor; seguir instruções do fabricante","Presença comercial em distribuidor reconhecido; presença brasileira não confirmada","Barber DTS — Electrum Skin Prep","família/modelo","Referência técnica — validar Brasil/SKU","preparo de pele; reposicionador de stencil","electrum","skin prep & stencil repositioner","999","999","00099"
"Preparo de pele, lubrificantes, vaselinas, gels, butters e limpeza durante procedimento","Stencil Stuff","The Original Stencil Stuff","não publicado","Preparo de pele; solução/gel de stencil","","solução/gel","","","","","","4 oz / 120 ml e 250 ml","Gel/solução para transferência de stencil; aplicação conforme fabricante; não confundir com lubrificante de processo","Presença comercial em distribuidor reconhecido; presença brasileira não confirmada","Barber DTS — 120 ml; Barber DTS — 250 ml","família/modelo","Referência técnica — validar Brasil/SKU","preparo de pele; solução/gel de stencil","stencil stuff","the original stencil stuff","999","999","00099"
"Pós-tatuagem: filmes, curativos, sabonetes, cremes e kits de cuidados","Tattoo Goo","Pro Foam Soap","não publicado na página consultada","Sabonete em espuma","","Espuma","","","","","","Não publicado","Uso usual, confirmar com fabricante: limpeza suave de tatuagem; o produto aparece no catálogo oficial, mas a ficha consultada não permitiu confirmar tamanho e indicação detalhada","Existência da linha confirmada; especificação detalhada e presença no Brasil não confirmadas","","família/modelo","Pendente de validação de SKU","sabonete em espuma","tattoo goo","pro foam soap","999","999","00099"
"Pós-tatuagem: filmes, curativos, sabonetes, cremes e kits de cuidados","Tattoo Goo","Antimicrobial Soap","não publicado na página consultada","Sabonete líquido antimicrobiano","Soft Edge / Curved Magnum","Frasco pump, sem fragrância e sem álcool","","","","","","Frasco pump de 3 oz; a página informa que é a nova embalagem maior","Limpeza profunda de tatuagens e piercings; fabricante orienta tatuagem 2–3 vezes/dia, enxaguar e secar por toque; não confundir com esterilidade","Especificação confirmada; presença no Brasil não confirmada","","família/modelo","Referência técnica — validar Brasil/SKU","sabonete líquido antimicrobiano","tattoo goo","antimicrobial soap","050","999","00099"
"Pós-tatuagem: filmes, curativos, sabonetes, cremes e kits de cuidados","Hustle Butter","Foaming Tattoo Soap","não publicado na página consultada","Sabonete/espuma de limpeza","","Espuma, versão de 7 fl oz e versão de 3,4 fl oz publicadas separadamente","","","","","","3,4 fl oz e 7 fl oz","Fabricante descreve como limpador para manter tatuagem nova limpa e substituto de green soap; uso externo e seguir rótulo","Especificação confirmada; presença no Brasil não confirmada","","família/modelo","Referência técnica — validar Brasil/SKU","sabonete/espuma de limpeza","hustle butter","foaming tattoo soap","999","999","00099"
"Pós-tatuagem: filmes, curativos, sabonetes, cremes e kits de cuidados","H2Ocean","Blue Green Foam Soap","não publicado na página consultada","Sabonete/espuma de limpeza pós-tatuagem","Soft Edge / Curved Magnum","Espuma, sem fragrância, à base de água e sal marinho","","","","","","No Extreme Kit: 1,7 oz; tamanho avulso adicional: não publicado na página consultada","Limpeza de secreções, resíduos e bactérias; no kit, fabricante orienta 3–4 aplicações/dia; ingrediente ativo publicado: cloreto de benzalcônio 0,13%","Especificação confirmada; presença no Brasil não confirmada","","família/modelo","Pendente de validação de SKU","sabonete/espuma de limpeza pós-tatuagem","h2ocean","blue green foam soap","050","999","00099"
"Limpeza, desinfecção, esterilização, indicadores e embalagens","Sispack","Prático PU","não publicado","Saneantes / desinfetante","","Desinfetante hospitalar de superfície pronto uso","","não aplicável","","não aplicável","não aplicável","não publicado","Desinfecção hospitalar de superfície pronto uso; não presumir aplicação em pele ou instrumental invasivo","Presença comercial no Brasil confirmada; ativo, concentração, tempo de contato e regularização não publicados na página","Sispack — Produtos","família/modelo","Pendente de validação de SKU","saneantes / desinfetante","sispack","prático pu","999","999","00099"
"Limpeza, desinfecção, esterilização, indicadores e embalagens","Sispack","Prático X","não publicado","Saneantes / desinfetante","","Pronto uso","","não aplicável","","não aplicável","não aplicável","não publicado","Desinfetante de nível intermediário e superfície pronto uso","Presença comercial no Brasil confirmada; ativo, concentração, tempo de contato e regularização não publicados na página","Sispack — Produtos","família/modelo","Pendente de validação de SKU","saneantes / desinfetante","sispack","prático x","999","999","00099"
"Limpeza, desinfecção, esterilização, indicadores e embalagens","Sispack","Sotrax","não publicado","Saneantes / removedor de sujidade","","Removedor de sujidade para superfícies inoxidáveis","","não aplicável","","não aplicável","não aplicável","não publicado","Remoção de sujidade de superfícies inoxidáveis, conforme descrição do fabricante","Produto publicado por fornecedor brasileiro; registro, concentração e espectro não confirmados na página consultada","Sispack — Produtos","família/modelo","Pendente de validação de SKU","saneantes / removedor de sujidade","sispack","sotrax","999","999","00099"
"Batoques, copos de tinta, suportes e acessórios de pigmento","Kwadron","Pigment cup holder - plastic","8716","Suporte de copos de pigmento","","plástico; 8 aberturas, compatíveis com copos de 10, 14 e 17 mm","","","","","","1 unidade","Organização de múltiplas cores de pigmento; a página declara 8 aberturas e compatibilidade dimensional","","[6]","família/modelo","Fonte técnica modelada","suporte de copos de pigmento","kwadron","pigment cup holder - plastic","999","999","00099"
"Batoques, copos de tinta, suportes e acessórios de pigmento","Kwadron","Pigment cup holder - steel","8715","Suporte de copos de pigmento","","aço; número de furos e diâmetros compatíveis não publicados na página consultada","","","","","","1 unidade","Suporte de copos; uso usual, confirmar com fabricante","","[5]","família/modelo","Fonte técnica modelada","suporte de copos de pigmento","kwadron","pigment cup holder - steel","999","999","00099"
"Batoques, copos de tinta, suportes e acessórios de pigmento","Kwadron","Unistar Disposable Cartridge Cup Holder","não publicado","Suporte descartável para copos/cartuchos","","suporte com encaixes; número de encaixes e dimensões não publicados","","","","","","24 unidades","Manter copos/cartuchos organizados; uso usual, confirmar com fabricante","","[1]","família/modelo","Fonte técnica modelada","suporte descartável para copos/cartuchos","kwadron","unistar disposable cartridge cup holder","999","999","00099"
"Batoques, copos de tinta, suportes e acessórios de pigmento","Kwadron","Stand for cups BIG","não publicado","Suporte para copos","","formato grande; capacidade, número de furos e medidas não publicados","","","","","","1 unidade","Apoio de copos de maior porte; uso usual, confirmar com fabricante","","[1]","família/modelo","Fonte técnica modelada","suporte para copos","kwadron","stand for cups big","999","999","00099"
"Batoques, copos de tinta, suportes e acessórios de pigmento","Kwadron","Stand for cups from plexiglass","não publicado","Suporte para copos","","plexiglass; número de furos e medidas não publicados","","","","","","1 unidade","Apoio e organização de copos; uso usual, confirmar com fabricante","","[1]","família/modelo","Fonte técnica modelada","suporte para copos","kwadron","stand for cups from plexiglass","999","999","00099"
"Batoques, copos de tinta, suportes e acessórios de pigmento","Kwadron","WORKING Tray Disposable stands","não publicado","Suporte/bandeja descartável","","bandeja/suporte; medidas não publicadas","","","","","","caixa com 50 unidades","Apoio e organização de copos na estação de trabalho; uso usual, confirmar com fabricante","","[1]","família/modelo","Fonte técnica modelada","suporte/bandeja descartável","kwadron","working tray disposable stands","999","999","00099"
"Tintas nacionais — Electric Ink e Iron Works Brasil","Easy Glow (Electric Ink)","Easy Glow — Canary Yellow EG","não publicado","Tinta para tatuagem / amarelo","","Linha fluida; pigmento","","","","","","1,5 ml; 15 ml; 30 ml; 60 ml; 120 ml; 240 ml e Sets","aplicação profissional; uso usual, confirmar com fabricante","","3","família/modelo","Fonte técnica modelada","tinta para tatuagem / amarelo","easy glow (electric ink)","easy glow — canary yellow eg","999","999","00099"
"Tintas nacionais — Electric Ink e Iron Works Brasil","Electric Ink","Electric Ink — Amarelo Ouro","não publicado","Tinta para tatuagem / amarelo","","Pigmento","","","","","","tamanho não publicado","aplicação profissional; uso usual, confirmar com fabricante","","1","família/modelo","Pendente de validação de SKU","tinta para tatuagem / amarelo","electric ink","electric ink — amarelo ouro","999","999","00099"
"Tintas nacionais — Electric Ink e Iron Works Brasil","Iron Works Brasil","Tintas para Tatuagem — Azul (006); Azul Royal (009); Azul Metálico (0057); Azul Escuro (008); Lilás Claro (0020); Lilás (0019); Roxo (0033); Roxo Escuro (0034); Magenta (0021); Púrpura (0030)","refs conforme nomes ao lado","Tinta para tatuagem / azuis, lilases, roxos e magenta","","Pigmento líquido; frasco","","","","","","15 ml; 30 ml; 120 ml","uso usual, confirmar com fabricante","","5 6","família/modelo","Fonte técnica modelada","tinta para tatuagem / azuis, lilases, roxos e magenta","iron works brasil","tintas para tatuagem — azul (006); azul royal (009); azul metálico (0057); azul escuro (008); lilás claro (0020); lilás (0019); roxo (0033); roxo escuro (0034); magenta (0021); púrpura (0030)","999","999","00099"
"Tintas nacionais — Electric Ink e Iron Works Brasil","Easy Glow (Electric Ink)","Easy Glow — Old School Blue EG","não publicado","Tinta para tatuagem / azul","","Linha fluida; pigmento","","","","","","1,5 ml; 15 ml; 30 ml; 60 ml; 120 ml; 240 ml e Sets","aplicação profissional; uso usual, confirmar com fabricante","","3","família/modelo","Fonte técnica modelada","tinta para tatuagem / azul","easy glow (electric ink)","easy glow — old school blue eg","999","999","00099"
"Tintas nacionais — Electric Ink e Iron Works Brasil","Easy Glow (Electric Ink)","Easy Glow — Ghost White EG","não publicado","Tinta para tatuagem / branco","","Linha fluida; pigmento","","","","","","1,5 ml; 15 ml; 30 ml; 60 ml; 120 ml; 240 ml e Sets","aplicação suave e precisa; indicação do fabricante","","3","família/modelo","Fonte técnica modelada","tinta para tatuagem / branco","easy glow (electric ink)","easy glow — ghost white eg","999","999","00099"
"Tintas nacionais — Electric Ink e Iron Works Brasil","Electric Ink","Electric Ink — Branco Real","não publicado","Tinta para tatuagem / branco","","Pigmento","","","","","","tamanho não publicado","aplicação profissional; uso usual, confirmar com fabricante","","1","família/modelo","Pendente de validação de SKU","tinta para tatuagem / branco","electric ink","electric ink — branco real","999","999","00099"
"Tintas nacionais — Electric Ink e Iron Works Brasil","Electric Ink","Electric Ink — Cinza Naval","PA02EI02113","Tinta para tatuagem / cinza","","Pigmento","","","","","","tamanho não publicado na ficha consultada","fácil aplicação e rápida cicatrização; aplicação profissional","","2","família/modelo","Pendente de validação de SKU","tinta para tatuagem / cinza","electric ink","electric ink — cinza naval","999","999","00099"
"Tintas nacionais — Electric Ink e Iron Works Brasil","Iron Works Brasil","Tintas para Tatuagem — Cinza Claro (0055); Cinza (0012); Cinza Escuro (0013)","refs conforme nomes ao lado","Tinta para tatuagem / cinzas","","Pigmento líquido; frasco","","","","","","15 ml; 30 ml; 120 ml","uso usual, confirmar com fabricante","","5 6","família/modelo","Fonte técnica modelada","tinta para tatuagem / cinzas","iron works brasil","tintas para tatuagem — cinza claro (0055); cinza (0012); cinza escuro (0013)","999","999","00099"
"Tintas nacionais — Electric Ink e Iron Works Brasil","Iron Works Brasil","Tintas para Tatuagem — cores do catálogo oficial, referências 0011 Branco; 003 Amarelo Claro; 0065 Creme; 0066 Banana; 002 Amarelo Canário; 0054 Areia; 0024 Ocre; 005 Amarelo Ouro; 0064 Bronze; 0068 Mostarda; 0078 Marrom Claro; 0070 Pele Claro; 0025 Papaya","refs conforme nomes ao lado","Tinta para tatuagem / cores","","Pigmento líquido; frasco","","","","","","15 ml; 30 ml; 120 ml, conforme página oficial da linha","uso conforme cor e estilo; uso usual, confirmar com fabricante","","5 6","família/modelo","Fonte técnica modelada","tinta para tatuagem / cores","iron works brasil","tintas para tatuagem — cores do catálogo oficial, referências 0011 branco; 003 amarelo claro; 0065 creme; 0066 banana; 002 amarelo canário; 0054 areia; 0024 ocre; 005 amarelo ouro; 0064 bronze; 0068 mostarda; 0078 marrom claro; 0070 pele claro; 0025 papaya","999","999","00099"
"Tintas nacionais — Electric Ink e Iron Works Brasil","Electric Ink","Electric Ink — Diluente","não publicado","Tinta para tatuagem / diluente","","Líquido; cor não aplicável","","","","","","volume não publicado na página da categoria","diluição; uso usual, confirmar com fabricante","","1","família/modelo","Pendente de validação de SKU","tinta para tatuagem / diluente","electric ink","electric ink — diluente","999","999","00099"
"Tintas nacionais — Electric Ink e Iron Works Brasil","Easy Glow (Electric Ink)","Easy Glow — Orange EG","não publicado","Tinta para tatuagem / laranja","","Linha fluida; pigmento","","","","","","1,5 ml; 15 ml; 30 ml; 60 ml; 120 ml; 240 ml e Sets","aplicação profissional; uso usual, confirmar com fabricante","","3","família/modelo","Fonte técnica modelada","tinta para tatuagem / laranja","easy glow (electric ink)","easy glow — orange eg","999","999","00099"
"Tintas nacionais — Electric Ink e Iron Works Brasil","Iron Works Brasil","Tintas para Tatuagem — Coral Claro (0062); Coral Médio (0063); Coral (0061); Laranja (0018); Abóbora (001); Ferrugem Claro (0017); Ferrugem (0016); Bege Claro (0059); Bege (0010); Pankak (0069); Marrom Terra (0022); Marrom Escuro (0041); Chocolate (0023)","refs conforme nomes ao lado","Tinta para tatuagem / laranjas, marrons e tons de pele","","Pigmento líquido; frasco","","","","","","15 ml; 30 ml; 120 ml","uso usual, confirmar com fabricante","","5 6","família/modelo","Fonte técnica modelada","tinta para tatuagem / laranjas, marrons e tons de pele","iron works brasil","tintas para tatuagem — coral claro (0062); coral médio (0063); coral (0061); laranja (0018); abóbora (001); ferrugem claro (0017); ferrugem (0016); bege claro (0059); bege (0010); pankak (0069); marrom terra (0022); marrom escuro (0041); chocolate (0023)","999","999","00099"
"Tintas nacionais — Electric Ink e Iron Works Brasil","Easy Glow (Electric Ink)","Easy Glow — Raven Black EG","não publicado na página de categoria","Tinta para tatuagem / preto","","Linha fluida; pigmento","","","","","","1,5 ml; 15 ml; 30 ml; 60 ml; 120 ml; 240 ml e Sets, conforme página da linha","linhas, sombreados e preenchimentos; fórmula fluida, aplicação suave e precisa; indicação do fabricante","","3","família/modelo","Fonte técnica modelada","tinta para tatuagem / preto","easy glow (electric ink)","easy glow — raven black eg","999","999","00099"
"Tintas nacionais — Electric Ink e Iron Works Brasil","Easy Glow (Electric Ink)","Easy Glow — Raven Black Fineline EG","não publicado","Tinta para tatuagem / preto","","Linha fluida; variante Fineline","","","","","","1,5 ml; 15 ml; 30 ml; 60 ml; 120 ml; 240 ml e Sets","linhas finas; uso usual, confirmar com fabricante","","3","família/modelo","Fonte técnica modelada","tinta para tatuagem / preto","easy glow (electric ink)","easy glow — raven black fineline eg","999","999","00099"
"Tintas nacionais — Electric Ink e Iron Works Brasil","Electric Ink","Electric Ink — Preto Linha","não publicado na página da categoria","Tinta para tatuagem / preto","","Pigmento líquido","","","","","","tamanho não publicado na página da categoria","traços/linhas; a página da categoria informa uso para traços, sombreados e preenchimentos","","1","família/modelo","Pendente de validação de SKU","tinta para tatuagem / preto","electric ink","electric ink — preto linha","999","999","00099"
"Tintas nacionais — Electric Ink e Iron Works Brasil","Electric Ink","Electric Ink — Preto Tribal","não publicado","Tinta para tatuagem / preto","","Pigmento","","","","","","tamanho não publicado","preenchimento/tribal; uso usual, confirmar com fabricante","","1","família/modelo","Pendente de validação de SKU","tinta para tatuagem / preto","electric ink","electric ink — preto tribal","999","999","00099"
"Tintas nacionais — Electric Ink e Iron Works Brasil","Iron Works Brasil","Preto Escuro (0028)","0028","Tinta para tatuagem / preto","","Formulação mais consistente; alta concentração de pigmento","","","","","","15 ml; 30 ml; 120 ml","preenchimentos, tribais e sombras; não recomendado pelo fabricante para traço/linha","","5","família/modelo","Fonte técnica modelada","tinta para tatuagem / preto","iron works brasil","preto escuro (0028)","999","999","00099"
"Tintas nacionais — Electric Ink e Iron Works Brasil","Iron Works Brasil","Preto Escuro XXX (0029)","0029","Tinta para tatuagem / preto","","Mistura de 3 cores; alta concentração; mais consistente que Preto Escuro","","","","","","15 ml; 30 ml; 120 ml","realismo e preenchimento; pode ser diluído para sombra; não recomendado para traço/linha","","5","família/modelo","Fonte técnica modelada","tinta para tatuagem / preto","iron works brasil","preto escuro xxx (0029)","999","999","00099"
"Tintas nacionais — Electric Ink e Iron Works Brasil","Iron Works Brasil","Preto Onix (0060)","0060","Tinta para tatuagem / preto","","Alta carga pigmentária","","","","","","15 ml; 30 ml; 120 ml","linhas, traços, preenchimento e sombras; indicação do catálogo oficial","","5","família/modelo","Fonte técnica modelada","tinta para tatuagem / preto","iron works brasil","preto onix (0060)","999","999","00099"
"Tintas nacionais — Electric Ink e Iron Works Brasil","Easy Glow (Electric Ink)","Easy Glow — Ultra Liner Black EG","PA02EG00124","Tinta para tatuagem / preto para linha","","Linha fluida; pigmento","","","","","","tamanho selecionável não exposto no texto extraído; a linha publica 1,5/15/30/60/120/240 ml e Sets","indicada para linhas; o fabricante descreve fórmula fluida, sem grandes diluições, boa cobertura e esterilização por raios gama","","4","família/modelo","Fonte técnica modelada","tinta para tatuagem / preto para linha","easy glow (electric ink)","easy glow — ultra liner black eg","999","999","00099"
"Tintas nacionais — Electric Ink e Iron Works Brasil","Iron Works Brasil","Preto Linha (0027)","0027","Tinta para tatuagem / preto para linha","","Formulação líquida","","","","","","15 ml; 30 ml; 120 ml","linhas, sombras, preenchimento e base para diluição em Sumie; indicação do catálogo oficial","","5","família/modelo","Fonte técnica modelada","tinta para tatuagem / preto para linha","iron works brasil","preto linha (0027)","999","999","00099"
"Tintas nacionais — Electric Ink e Iron Works Brasil","Iron Works Brasil","Tintas para Tatuagem — Sumie 10% (0071); 20% (0072); 30% (0038); 40% (0073); 50% (0039); 60% (0074); 70% (0075); 80% (0040); 90% (0076); 100% (0077)","refs conforme nomes ao lado","Tinta para tatuagem / sumie","","Pigmento pré-diluído em graduações publicadas","","","","","","15 ml; 30 ml; 120 ml","sombreamento/sumie; uso usual, confirmar com fabricante","","5 6","família/modelo","Fonte técnica modelada","tinta para tatuagem / sumie","iron works brasil","tintas para tatuagem — sumie 10% (0071); 20% (0072); 30% (0038); 40% (0073); 50% (0039); 60% (0074); 70% (0075); 80% (0040); 90% (0076); 100% (0077)","999","999","00099"
"Tintas nacionais — Electric Ink e Iron Works Brasil","Iron Works Brasil","Tintas para Tatuagem — Chocolate Escuro (0015); Pele (0026); Salmão Claro (0036); Salmão (0035); Salmão Escuro (0037); Terra Cota (0042); Rosa Claro (0032); Rosa (0031); Vermelho Claro (0052); Vermelho (0051); Vermelho Escuro (0053); Vermelho Terra (0056)","refs conforme nomes ao lado","Tinta para tatuagem / tons de pele, rosas e vermelhos","","Pigmento líquido; frasco","","","","","","15 ml; 30 ml; 120 ml","uso usual, confirmar com fabricante","","5 6","família/modelo","Fonte técnica modelada","tinta para tatuagem / tons de pele, rosas e vermelhos","iron works brasil","tintas para tatuagem — chocolate escuro (0015); pele (0026); salmão claro (0036); salmão (0035); salmão escuro (0037); terra cota (0042); rosa claro (0032); rosa (0031); vermelho claro (0052); vermelho (0051); vermelho escuro (0053); vermelho terra (0056)","999","999","00099"
"Tintas nacionais — Electric Ink e Iron Works Brasil","Iron Works Brasil","Tintas para Tatuagem — Verde Claro (0046); Verde Água (0045); Amarelo Esverdeado (004); Verde Limão (0049); Verde Folha (0048); Verde Turquesa (0044); Verde Metálico (0043); Verde Oliva (0067); Verde Escuro (0050); Azul Claro (0047)","refs conforme nomes ao lado","Tinta para tatuagem / verdes e azul","","Pigmento líquido; frasco","","","","","","15 ml; 30 ml; 120 ml","uso usual, confirmar com fabricante","","5 6","família/modelo","Fonte técnica modelada","tinta para tatuagem / verdes e azul","iron works brasil","tintas para tatuagem — verde claro (0046); verde água (0045); amarelo esverdeado (004); verde limão (0049); verde folha (0048); verde turquesa (0044); verde metálico (0043); verde oliva (0067); verde escuro (0050); azul claro (0047)","999","999","00099"
"Tintas nacionais — Electric Ink e Iron Works Brasil","Easy Glow (Electric Ink)","Easy Glow — Red EG","não publicado","Tinta para tatuagem / vermelho","","Linha fluida; pigmento","","","","","","1,5 ml; 15 ml; 30 ml; 60 ml; 120 ml; 240 ml e Sets","aplicação profissional; uso usual, confirmar com fabricante","","3","família/modelo","Fonte técnica modelada","tinta para tatuagem / vermelho","easy glow (electric ink)","easy glow — red eg","999","999","00099"
"Tintas nacionais — Electric Ink e Iron Works Brasil","Electric Ink","Electric Ink — Vermelho Bombeiro","não publicado","Tinta para tatuagem / vermelho","","Pigmento","","","","","","tamanho não publicado","aplicação profissional; uso usual, confirmar com fabricante","","1","família/modelo","Pendente de validação de SKU","tinta para tatuagem / vermelho","electric ink","electric ink — vermelho bombeiro","999","999","00099"
"Tintas nacionais — Electric Ink e Iron Works Brasil","Electric Ink","Electric Ink — Vermelho Cereja","não publicado","Tinta para tatuagem / vermelho","","Pigmento","","","","","","tamanho não publicado","aplicação profissional; uso usual, confirmar com fabricante","","1","família/modelo","Pendente de validação de SKU","tinta para tatuagem / vermelho","electric ink","electric ink — vermelho cereja","999","999","00099"
"Tintas nacionais — Electric Ink e Iron Works Brasil","Electric Ink","Electric Ink — Vermelho Ferrari","não publicado","Tinta para tatuagem / vermelho","","Pigmento","","","","","","tamanho não publicado","aplicação profissional; uso usual, confirmar com fabricante","","1","família/modelo","Pendente de validação de SKU","tinta para tatuagem / vermelho","electric ink","electric ink — vermelho ferrari","999","999","00099"
"Tintas importadas","Dynamic","Dynamic Tattoo Ink Canary Yellow","não publicado","Tinta; amarelo","","Tinta líquida, frasco","","","","","","volume não explicitado na listagem resumida; preço “a partir de”","Cor amarela — uso usual, confirmar com fabricante","Presença comercial brasileira indicada pela lista oficial de distribuidores [3] [4]","","família/modelo","Fonte técnica modelada","tinta; amarelo","dynamic","dynamic tattoo ink canary yellow","999","999","00099"
"Tintas importadas","StarBrite","Canary Yellow Tattoo Ink","não publicado","Tinta; amarelo","","Tinta pré-dispersa, frasco","","","","","","tamanho não publicado na página consultada","Cor amarela — uso usual, confirmar com fabricante","Especificação confirmada no catálogo oficial; presença comercial brasileira não confirmada [1]","","família/modelo","Pendente de validação de SKU","tinta; amarelo","starbrite","canary yellow tattoo ink","999","999","00099"
"Tintas importadas","Dynamic","Dynamic Tattoo Ink Electric Blue","não publicado","Tinta; azul","","Tinta líquida, frasco","","","","","","volume não explicitado na listagem resumida; preço “a partir de”","Cor azul — uso usual, confirmar com fabricante","Presença comercial brasileira indicada pela lista oficial de distribuidores [3] [4]","","família/modelo","Fonte técnica modelada","tinta; azul","dynamic","dynamic tattoo ink electric blue","999","999","00099"
"Tintas importadas","Dynamic","Dynamic White Tattoo Ink","não publicado","Tinta; branco","","Tinta líquida, frasco","","","","","","volume não explicitado na listagem resumida; preço “a partir de”","Branco/highlight — uso usual, confirmar com fabricante","Presença comercial brasileira indicada pela lista oficial de distribuidores; confirmar estoque e lote [3] [4]","","família/modelo","Fonte técnica modelada","tinta; branco","dynamic","dynamic white tattoo ink","999","999","00099"
"Tintas importadas","Dynamic","Dynamic Triple White Tattoo Ink","não publicado","Tinta; branco de alta opacidade","","Tinta líquida, frasco","","","","","","volume não explicitado na listagem resumida; preço “a partir de”","Branco mais opaco — uso usual, confirmar com fabricante","Presença comercial brasileira indicada pela lista oficial de distribuidores; confirmar estoque e lote [3] [4]","","família/modelo","Fonte técnica modelada","tinta; branco de alta opacidade","dynamic","dynamic triple white tattoo ink","999","999","00099"
"Tintas importadas","INTENZE","Zuper White — High Opaque","não publicado","Tinta; branco de alta opacidade","","Tinta branca de alta opacidade","","","","","","8 oz publicado","Branco de alta opacidade — uso usual, confirmar com fabricante","Especificação confirmada; presença comercial brasileira não confirmada [5]","","família/modelo","Referência técnica — validar Brasil/SKU","tinta; branco de alta opacidade","intenze","zuper white — high opaque","999","999","00099"
"Tintas importadas","Dynamic","Dynamic Non Mixing Heavy White","não publicado","Tinta; branco especial","","Fórmula “non-mixing”, frasco","","","","","","8 oz publicado na listagem oficial","Branco denso/highlight — uso usual, confirmar com fabricante","Presença comercial brasileira indicada pela lista oficial de distribuidores; confirmar se o distribuidor brasileiro mantém essa variante [3] [4]","","família/modelo","Fonte técnica modelada","tinta; branco especial","dynamic","dynamic non mixing heavy white","999","999","00099"
"Tintas importadas","INTENZE","Snow White Opaque Tattoo Ink","não publicado","Tinta; branco opaco","","Tinta branca opaca","","","","","","1/2 oz, 1 oz, 2 oz e 4 oz publicados","Highlights e branco opaco — uso usual, confirmar com fabricante","Especificação confirmada; presença comercial brasileira não confirmada [5]","","família/modelo","Referência técnica — validar Brasil/SKU","tinta; branco opaco","intenze","snow white opaque tattoo ink","999","999","00099"
"Tintas importadas","INTENZE","Snow White Mixing Tattoo Ink","não publicado","Tinta; branco para mistura","","Tinta branca de mistura","","","","","","1/2 oz, 1 oz, 2 oz e 4 oz publicados","Mistura e sombreamento, conforme indicação exibida pelo fabricante","Especificação confirmada; presença comercial brasileira não confirmada [5]","","família/modelo","Referência técnica — validar Brasil/SKU","tinta; branco para mistura","intenze","snow white mixing tattoo ink","999","999","00099"
"Tintas importadas","StarBrite","Brite White Tattoo Ink","não publicado","Tinta; branco/opaco","","Tinta pré-dispersa, frasco","","","","","","tamanho não publicado na página consultada; preço “a partir de”","Branco para tatuagem; uso usual, confirmar com fabricante","A marca declara distribuidores mundiais; presença brasileira não confirmada na fonte oficial [1]","","família/modelo","Pendente de validação de SKU","tinta; branco/opaco","starbrite","brite white tattoo ink","999","999","00099"
"Tintas importadas","INTENZE","Color Tattoo Ink — cores individuais","não publicado","Tinta; catálogo de cores","","Frascos individuais","","","","","","filtro oficial mostra 1 oz, 2 oz e 12 oz; a disponibilidade varia por cor","Aplicação depende da cor; uso usual, confirmar com fabricante","Catálogo oficial confirma 113 produtos e esses volumes filtráveis; não tratar como disponibilidade brasileira [6]","","família/modelo","Fonte técnica modelada","tinta; catálogo de cores","intenze","color tattoo ink — cores individuais","999","999","00099"
"Tintas importadas","World Famous","Primary Color Ink Set #1","WFPS1-1","Tinta; conjunto de cores primárias","","Kit com 12 cores","","","","","","1 oz por frasco; conjunto somente em 1 oz","Todos os estilos, coverups, início ou reposição de paleta, segundo fabricante","Especificação confirmada; a página direciona a localizador internacional, mas não confirma distribuidor brasileiro específico [7]","","família/modelo","Fonte técnica modelada","tinta; conjunto de cores primárias","world famous","primary color ink set #1","999","999","00099"
"Tintas importadas","StarBrite","Lunar Graywash Set Tattoo Ink","não publicado","Tinta; conjunto graywash","","Conjunto de tons pré-misturados","","","","","","conjunto; quantidade de frascos e volume não publicados na página inicial","Sombreamento graywash — uso usual, confirmar com fabricante","Linha/conjunto confirmado oficialmente; presença brasileira não confirmada [1]","","família/modelo","Referência técnica — validar Brasil/SKU","tinta; conjunto graywash","starbrite","lunar graywash set tattoo ink","999","999","00099"
"Tintas importadas","World Famous","3 Bottle Grey Wash Set","não publicado","Tinta; graywash","","Conjunto de 3 frascos","","","","","","1 oz, 4 oz e 8 oz publicados","Graywash/sombreamento — uso usual, confirmar com fabricante","Especificação confirmada; presença brasileira não confirmada [8]","","família/modelo","Referência técnica — validar Brasil/SKU","tinta; graywash","world famous","3 bottle grey wash set","999","999","00099"
"Tintas importadas","World Famous","16 Color Ink Set #1","não publicado","Tinta; kit","","Conjunto de 16 cores","","","","","","1 oz","Paleta geral — uso usual, confirmar com fabricante","Especificação confirmada; presença brasileira não confirmada [8]","","família/modelo","Referência técnica — validar Brasil/SKU","tinta; kit","world famous","16 color ink set #1","999","999","00099"
"Tintas importadas","World Famous","16 Color Ink Set #2","não publicado","Tinta; kit","","Conjunto de 16 cores","","","","","","1 oz","Paleta geral — uso usual, confirmar com fabricante","Especificação confirmada; presença brasileira não confirmada [8]","","família/modelo","Referência técnica — validar Brasil/SKU","tinta; kit","world famous","16 color ink set #2","999","999","00099"
"Tintas importadas","World Famous","25 Color 1oz Bottle Set","não publicado","Tinta; kit","","Conjunto de 25 frascos","","","","","","1 oz por frasco","Paleta geral — uso usual, confirmar com fabricante","Especificação confirmada; presença brasileira não confirmada [8]","","família/modelo","Referência técnica — validar Brasil/SKU","tinta; kit","world famous","25 color 1oz bottle set","999","999","00099"
"Tintas importadas","World Famous","50 Color 1oz Bottle Set","não publicado","Tinta; kit","","Conjunto de 50 frascos","","","","","","1 oz por frasco","Paleta geral — uso usual, confirmar com fabricante","Especificação confirmada; presença brasileira não confirmada [8]","","família/modelo","Referência técnica — validar Brasil/SKU","tinta; kit","world famous","50 color 1oz bottle set","999","999","00099"
"Tintas importadas","World Famous","7 Color Simple Set","não publicado","Tinta; kit","","Conjunto de 7 cores","","","","","","1/2 oz","Paleta essencial — uso usual, confirmar com fabricante","Especificação confirmada; presença brasileira não confirmada [8]","","família/modelo","Referência técnica — validar Brasil/SKU","tinta; kit","world famous","7 color simple set","999","999","00099"
"Tintas importadas","StarBrite","Primary Color Set Tattoo Ink","não publicado","Tinta; kit de cores primárias","","Conjunto","","","","","","conjunto; volume por frasco não publicado na página inicial","Cores primárias — uso usual, confirmar com fabricante","Há sinal de oferta ao Brasil em marketplace internacional, mas isso não equivale a distribuidor autorizado; validar importador, lote e regularização [1] [2]","","família/modelo","Pendente de validação de SKU","tinta; kit de cores primárias","starbrite","primary color set tattoo ink","999","999","00099"
"Tintas importadas","StarBrite","Master Collection Tattoo Inks","não publicado","Tinta; kit/coleção","","Coleção de tintas","","","","","","kit; quantidade de cores e volumes não publicados na página inicial","Paleta geral — uso usual, confirmar com fabricante","Kit confirmado oficialmente; presença brasileira não confirmada [1]","","família/modelo","Referência técnica — validar Brasil/SKU","tinta; kit/coleção","starbrite","master collection tattoo inks","999","999","00099"
"Tintas importadas","World Famous","Lining And Shading Set","não publicado","Tinta; linha e sombra","","Conjunto","","","","","","4 oz publicado","Lining e shading, conforme nome da linha — confirmar com fabricante","Especificação confirmada; presença brasileira não confirmada [8]","","família/modelo","Referência técnica — validar Brasil/SKU","tinta; linha e sombra","world famous","lining and shading set","999","999","00099"
"Tintas importadas","Dynamic","Dynamic Tattoo Ink Black","não publicado","Tinta; preto","","Tinta líquida, frasco","","","","","","volume não explicitado na listagem resumida; preço “a partir de”","Preto para tatuagem — uso usual, confirmar com fabricante","Fabricante lista distribuidores no Brasil: Get Inked Supply e Tribo do Sol; especificação do produto confirmada no site oficial [3] [4]","","família/modelo","Fonte técnica modelada","tinta; preto","dynamic","dynamic tattoo ink black","999","999","00099"
"Tintas importadas","Dynamic","Dynamic Tattoo Ink Triple Black","não publicado","Tinta; preto de alta carga","","Tinta líquida, frasco","","","","","","volume não explicitado na listagem resumida; preço “a partir de”","Preto intenso/packing — uso usual, confirmar com fabricante","Presença comercial brasileira indicada pela lista oficial de distribuidores; confirmar estoque e autorização do revendedor [3] [4]","","família/modelo","Fonte técnica modelada","tinta; preto de alta carga","dynamic","dynamic tattoo ink triple black","999","999","00099"
"Tintas importadas","StarBrite","Black Outliner Tattoo Ink","não publicado","Tinta; preto para linha","","Tinta pré-dispersa, frasco","","","","","","tamanho não publicado na página consultada","Contorno/linha — uso usual, confirmar com fabricante","Especificação confirmada no catálogo oficial; presença comercial brasileira não confirmada [1]","","família/modelo","Pendente de validação de SKU","tinta; preto para linha","starbrite","black outliner tattoo ink","999","999","00099"
"Tintas importadas","INTENZE","Black Label Tattoo Ink","não publicado","Tinta; preto profissional","","Tinta preta de alta carga","","","","","","8 oz / 240 ml","Linha, fine line, black & grey, packing sólido e blackout, conforme fabricante","Especificação confirmada; presença comercial brasileira não confirmada em distribuidor oficial consultado [5]","","família/modelo","Referência técnica — validar Brasil/SKU","tinta; preto profissional","intenze","black label tattoo ink","999","999","00099"
"Tintas importadas","Dynamic","Dynamic Tattoo Ink Bubble Gum Pink","não publicado","Tinta; rosa","","Tinta líquida, frasco","","","","","","volume não explicitado na listagem resumida; preço “a partir de”","Cor rosa — uso usual, confirmar com fabricante","Presença comercial brasileira indicada pela lista oficial de distribuidores [3] [4]","","família/modelo","Fonte técnica modelada","tinta; rosa","dynamic","dynamic tattoo ink bubble gum pink","999","999","00099"
"Tintas importadas","Dynamic","Dynamic Tattoo Ink Tropical Purple","não publicado","Tinta; roxo","","Tinta líquida, frasco","","","","","","volume não explicitado na listagem resumida; preço “a partir de”","Cor roxa — uso usual, confirmar com fabricante","Presença comercial brasileira indicada pela lista oficial de distribuidores [3] [4]","","família/modelo","Fonte técnica modelada","tinta; roxo","dynamic","dynamic tattoo ink tropical purple","999","999","00099"
"Tintas importadas","StarBrite","Undertone Series Tattoo Ink","não publicado","Tinta; série de tons","","Conjunto/série de cores","","","","","","conjunto; volume e número de cores não publicados na página inicial","Tons de base/undertone — uso usual, confirmar com fabricante","Linha confirmada oficialmente; presença brasileira não confirmada [1]","","família/modelo","Referência técnica — validar Brasil/SKU","tinta; série de tons","starbrite","undertone series tattoo ink","999","999","00099"
"Tintas importadas","StarBrite","Floral Series Tattoo Ink","não publicado","Tinta; série temática","","Conjunto/série de cores","","","","","","conjunto; volume e número de cores não publicados na página inicial","Paleta floral — uso usual, confirmar com fabricante","Linha confirmada oficialmente; presença brasileira não confirmada [1]","","família/modelo","Referência técnica — validar Brasil/SKU","tinta; série temática","starbrite","floral series tattoo ink","999","999","00099"
"Tintas importadas","World Famous","Five-Stage Shading Set","não publicado","Tinta; sombreamento","","Conjunto de cinco estágios","","","","","","1 oz e 4 oz publicados","Sombreamento em estágios — uso usual, confirmar com fabricante","Especificação confirmada; presença brasileira não confirmada [8]","","família/modelo","Referência técnica — validar Brasil/SKU","tinta; sombreamento","world famous","five-stage shading set","999","999","00099"
"Tintas importadas","World Famous","Skintone Ink Set","não publicado","Tinta; tons de pele","","Conjunto","","","","","","1 oz","Tons de pele — uso usual, confirmar com fabricante","Especificação confirmada; presença brasileira não confirmada [8]","","família/modelo","Referência técnica — validar Brasil/SKU","tinta; tons de pele","world famous","skintone ink set","999","999","00099"
"Tintas importadas","Dynamic","Dynamic Tattoo Ink Leaf Green","não publicado","Tinta; verde","","Tinta líquida, frasco","","","","","","volume não explicitado na listagem resumida; preço “a partir de”","Cor verde — uso usual, confirmar com fabricante","Presença comercial brasileira indicada pela lista oficial de distribuidores [3] [4]","","família/modelo","Fonte técnica modelada","tinta; verde","dynamic","dynamic tattoo ink leaf green","999","999","00099"
"Tintas importadas","Dynamic","Dynamic Tattoo Ink Lime Green","não publicado","Tinta; verde-limão","","Tinta líquida, frasco","","","","","","volume não explicitado na listagem resumida; preço “a partir de”","Cor verde-limão — uso usual, confirmar com fabricante","Presença comercial brasileira indicada pela lista oficial de distribuidores [3] [4]","","família/modelo","Fonte técnica modelada","tinta; verde-limão","dynamic","dynamic tattoo ink lime green","999","999","00099"
"Tintas importadas","Dynamic","Dynamic Tattoo Ink Chinese Red","não publicado","Tinta; vermelho","","Tinta líquida, frasco","","","","","","volume não explicitado na listagem resumida; preço “a partir de”","Cor vermelha — uso usual, confirmar com fabricante","Presença comercial brasileira indicada pela lista oficial de distribuidores [3] [4]","","família/modelo","Fonte técnica modelada","tinta; vermelho","dynamic","dynamic tattoo ink chinese red","999","999","00099"
"Tintas importadas","Dynamic","Dynamic Tattoo Ink Fire Red","não publicado","Tinta; vermelho","","Tinta líquida, frasco","","","","","","volume não explicitado na listagem resumida; preço “a partir de”","Cor vermelha — uso usual, confirmar com fabricante","Presença comercial brasileira indicada pela lista oficial de distribuidores [3] [4]","","família/modelo","Fonte técnica modelada","tinta; vermelho","dynamic","dynamic tattoo ink fire red","999","999","00099"
"Tintas importadas","StarBrite","Crimson Red Tattoo Ink","não publicado","Tinta; vermelho","","Tinta pré-dispersa, frasco","","","","","","tamanho não publicado na página consultada","Cor vermelha — uso usual, confirmar com fabricante","Especificação confirmada no catálogo oficial; presença comercial brasileira não confirmada [1]","","família/modelo","Pendente de validação de SKU","tinta; vermelho","starbrite","crimson red tattoo ink","999","999","00099"
"Stencil: papel térmico, impressoras, transfer e fixadores","S8 Tattoo","8oz Tattoo Gel","não publicado","transfer/fixador / gel","","frasco de 8 oz","","não publicado","","não aplicável","não aplicável","frasco 8 oz","produto listado como gel para tatuagem; não classificar automaticamente como fixador sem ficha técnica adicional; “uso usual, confirmar com fabricante”","Presença comercial brasileira não confirmada; apenas existência e volume confirmados","S8 Stencil Printer collection","família/modelo","Referência técnica — validar Brasil/SKU","transfer/fixador / gel","s8 tattoo","8oz tattoo gel","999","999","00099"
"Stencil: papel térmico, impressoras, transfer e fixadores","S8 Tattoo","8oz Transfer Gel","não publicado","transfer/fixador / gel de transferência","","frasco de 8 oz","","não publicado","","não aplicável","não aplicável","frasco 8 oz","gel de transferência de stencil; indicação técnica conservadora: “uso usual, confirmar com fabricante” quanto a pele, tempo de secagem e compatibilidade","Presença comercial brasileira não confirmada; existência e volume confirmados no catálogo S8","S8 Stencil Printer collection","família/modelo","Referência técnica — validar Brasil/SKU","transfer/fixador / gel de transferência","s8 tattoo","8oz transfer gel","999","999","00099"
"Stencil: papel térmico, impressoras, transfer e fixadores","Electrum","Gold Standard Tattoo Stencil Primer 8 oz","não publicado","transfer/fixador / primer de stencil","","frasco de 8 oz","","não aplicável","","não aplicável","não aplicável","frasco 8 oz","primer de stencil; descrição do fabricante enfatiza aderência e limpeza durante a sessão; “uso usual, confirmar com fabricante” para compatibilidade com papéis não Spirit","Presença comercial brasileira não confirmada; existência e volume confirmados no catálogo Electrum","Electrum Premium Primer","família/modelo","Referência técnica — validar Brasil/SKU","transfer/fixador / primer de stencil","electrum","gold standard tattoo stencil primer 8 oz","999","999","00099"
"Stencil: papel térmico, impressoras, transfer e fixadores","Electrum","Premium Tattoo Stencil Primer 2 oz","não publicado","transfer/fixador / primer de stencil","","loção/primer para aplicação de stencil e arte freehand","","não aplicável","","não aplicável","não aplicável","frasco de 2 oz; fabricante também lista 8 oz","aplicação de stencil de carbono e marcador freehand; fabricante informa retenção, fórmula vegana/não tóxica e compatibilidade com papéis Spirit purple, green e red","Presença comercial brasileira não confirmada; especificação confirmada pelo fabricante/distribuidor oficial Electrum","Electrum Premium Primer 2 oz","família/modelo","Referência técnica — validar Brasil/SKU","transfer/fixador / primer de stencil","electrum","premium tattoo stencil primer 2 oz","999","999","00099"
"Stencil: papel térmico, impressoras, transfer e fixadores","Electrum","Premium Tattoo Stencil Primer 8 oz","não publicado","transfer/fixador / primer de stencil","","frasco de 8 oz","","não aplicável","","não aplicável","não aplicável","frasco 8 oz","fixação de stencil de carbono e desenho freehand; fabricante informa compatibilidade com Spirit purple, green e red","Presença comercial brasileira não confirmada; especificação confirmada pelo catálogo Electrum","Electrum Premium Primer","família/modelo","Referência técnica — validar Brasil/SKU","transfer/fixador / primer de stencil","electrum","premium tattoo stencil primer 8 oz","999","999","00099"
"Stencil: papel térmico, impressoras, transfer e fixadores","Electrum","Premium Tattoo Skin Prep and Stencil Repositioner 32 oz","não publicado","transfer/fixador / reposicionador e preparo de pele","","frasco de 32 oz","","não aplicável","","não aplicável","não aplicável","frasco 32 oz","preparo de pele e remoção/reposicionamento de stencil; “uso usual, confirmar com fabricante” para protocolo de assepsia do estúdio","Presença comercial brasileira não confirmada; volume confirmado no catálogo Electrum","Electrum Premium Primer","família/modelo","Referência técnica — validar Brasil/SKU","transfer/fixador / reposicionador e preparo de pele","electrum","premium tattoo skin prep and stencil repositioner 32 oz","999","999","00099"
"Stencil: papel térmico, impressoras, transfer e fixadores","Electrum","Premium Tattoo Skin Prep and Stencil Repositioner 8 oz","não publicado","transfer/fixador / reposicionador e preparo de pele","","frasco de 8 oz","","não aplicável","","não aplicável","não aplicável","frasco 8 oz","remover/reposicionar stencil e preparar a pele; fabricante informa remoção de stencil sem fricção excessiva","Presença comercial brasileira não confirmada; especificação confirmada pelo catálogo Electrum","Electrum Premium Primer","família/modelo","Referência técnica — validar Brasil/SKU","transfer/fixador / reposicionador e preparo de pele","electrum","premium tattoo skin prep and stencil repositioner 8 oz","999","999","00099"
"Máquinas, grips, fontes, baterias e cabos","Cheyenne","HAWK Spirit / Thunder / Pen; SOL Nova / Luna / Terra; SOL Nova Unlimited","não publicado","Variações de grip","","grips reutilizáveis ou descartáveis conforme família; cores publicadas incluem preto, vermelho, prata, roxo, laranja e outras específicas por modelo","","22,0; 22,4; 25,4; 33,0 mm; conical quando indicado","","não aplicável","não publicado","unidades; disposable grip em caixas/quantidade não publicada na fonte consultada","ergonomia e compatibilidade com a máquina correspondente; confirmar esterilização e embalagem com distribuidor","especificação confirmada; disponibilidade brasileira não confirmada","Cheyenne comparison","família/modelo","Referência técnica — validar Brasil/SKU","variações de grip","cheyenne","hawk spirit / thunder / pen; sol nova / luna / terra; sol nova unlimited","999","999","00099"
"Preparo de pele, lubrificantes, vaselinas, gels, butters e limpeza durante procedimento","SkinCare","FluxuGel Tattoo","não publicado","Vaselina/emoliente; butter/lubrificante","","pote","","","","","","900 g","Auxiliar na fixação da tatuagem, conforto e recuperação da pele; ficha cita vitamina E, óleo de buriti e extratos vegetais amazônicos","Presença comercial no Brasil confirmada por distribuidor; especificação confirmada pelo distribuidor","Equipa Art — FluxuGel 900 g","família/modelo","Fonte técnica modelada","vaselina/emoliente; butter/lubrificante","skincare","fluxugel tattoo","999","999","00099"
"Preparo de pele, lubrificantes, vaselinas, gels, butters e limpeza durante procedimento","SkinCare","Vaselina Skincare Gel","não publicado","Vaselina/gel; lubrificante de processo","","gel em pote","","","","","","900 g","Auxiliar durante tatuagem; ficha informa vitamina E, sem cheiro e função coadjuvante; detalhes completos de composição não publicados na página consultada","Presença comercial no Brasil confirmada por distribuidor; volume confirmado pelo distribuidor","Equipa Art — Skincare Gel 900 g","família/modelo","Fonte técnica modelada","vaselina/gel; lubrificante de processo","skincare","vaselina skincare gel","999","999","00099"
"Preparo de pele, lubrificantes, vaselinas, gels, butters e limpeza durante procedimento","SkinCare","Vaselina Skincare Gel Tattoo","não publicado","Vaselina/gel; lubrificante de processo","","gel em pote","","","","","","450 g; pote","Auxiliar durante tatuagem, proporcionando deslizamento suave das agulhas e reduzindo atrito; contém Mineral Oil, Tocopheryl Acetate e Petrolatum, segundo ficha do distribuidor","Presença comercial no Brasil confirmada por distribuidor; especificação confirmada pelo distribuidor","Equipa Art — Skincare Gel 450 g","família/modelo","Fonte técnica modelada","vaselina/gel; lubrificante de processo","skincare","vaselina skincare gel tattoo","999","999","00099"
"Preparo de pele, lubrificantes, vaselinas, gels, butters e limpeza durante procedimento","Electric Ink","Ink Slip","não publicado","Vaselina/manteiga; lubrificante de processo","","pote","","","","","","250 g; pote","Manter a pele macia e hidratada durante tatuagem, micropigmentação e estética; facilitar aplicação da agulha e conforto, conforme distribuidor brasileiro","Presença comercial no Brasil confirmada por distribuidor; especificação confirmada pelo distribuidor; registro Anvisa informado na ficha: 25351218749201971","Equipa Art — Ink Slip 250 g","família/modelo","Fonte técnica modelada","vaselina/manteiga; lubrificante de processo","electric ink","ink slip","999","999","00099"
"Preparo de pele, lubrificantes, vaselinas, gels, butters e limpeza durante procedimento","Electric Ink","Ink Slip","não publicado","Vaselina/manteiga; lubrificante de processo","","pote","","","","","","800 g","Mesma indicação da linha Ink Slip; tamanho 800 g publicado pelo distribuidor. Uso durante tatuagem; confirmar rótulo/lote","Presença comercial no Brasil confirmada por distribuidor; volume confirmado pelo distribuidor","Equipa Art — Ink Slip 800 g","família/modelo","Fonte técnica modelada","vaselina/manteiga; lubrificante de processo","electric ink","ink slip","999","999","00099"
"Preparo de pele, lubrificantes, vaselinas, gels, butters e limpeza durante procedimento","Mboah","Tattoo Coconut","não publicado","Vaselina/manteiga; lubrificante de processo","","pote","","","","","","440 g","Produto listado como vaselina para tatuagem; indicação específica e composição detalhada não publicados na página consultada — uso usual, confirmar com fabricante","Presença comercial no Brasil confirmada por distribuidor; volume confirmado; indicação técnica não confirmada pelo fabricante na fonte consultada","Equipa Art — Mboah Tattoo Coconut 440 g","família/modelo","Referência técnica — validar Brasil/SKU","vaselina/manteiga; lubrificante de processo","mboah","tattoo coconut","999","999","00099"
"Preparo de pele, lubrificantes, vaselinas, gels, butters e limpeza durante procedimento","Reilly Tattoo","Vaselina Reilly Tattoo","não publicado","Vaselina/manteiga; lubrificante de processo","","pote","","","","","","500 g","Ficha informa auxílio na redução do sangramento e facilitação da aplicação da tinta; uso durante procedimento","Presença comercial no Brasil confirmada por distribuidor; especificação confirmada pelo distribuidor","Equipa Art — Vaselina Reilly Tattoo 500 g","família/modelo","Fonte técnica modelada","vaselina/manteiga; lubrificante de processo","reilly tattoo","vaselina reilly tattoo","999","999","00099"
"Preparo de pele, lubrificantes, vaselinas, gels, butters e limpeza durante procedimento","Vaselina Jelly","Tattoo Jelly","não publicado","Vaselina/manteiga; lubrificante de processo","","pote","","","","","","200 g","Ficha de produto similar do distribuidor; linha descrita com vitaminas A e D em outra apresentação, mas composição/indicação do SKU de 200 g não detalhadas — uso usual, confirmar com fabricante","Presença comercial no Brasil confirmada por distribuidor; volume confirmado; especificação de composição do SKU não confirmada","Equipa Art — Jelly 200 g","família/modelo","Referência técnica — validar Brasil/SKU","vaselina/manteiga; lubrificante de processo","vaselina jelly","tattoo jelly","999","999","00099"
"Preparo de pele, lubrificantes, vaselinas, gels, butters e limpeza durante procedimento","Vaselina Jelly","Tattoo Jelly","não publicado","Vaselina/manteiga; lubrificante de processo","","pote","","","","","","440 g","Ficha informa vitaminas A e D e consistência especial; indicação conservadora: uso como lubrificante de processo — confirmar com fabricante","Presença comercial no Brasil confirmada por distribuidor; volume e vitaminas publicados pelo distribuidor","Equipa Art — Jelly 440 g","família/modelo","Fonte técnica modelada","vaselina/manteiga; lubrificante de processo","vaselina jelly","tattoo jelly","999","999","00099"
"Preparo de pele, lubrificantes, vaselinas, gels, butters e limpeza durante procedimento","Vaselina Jelly","Tattoo Jelly","não publicado","Vaselina/manteiga; lubrificante de processo","","pote","","","","","","730 g","Ficha informa A&D e pantenol, pele preparada/hidratada/protegida; uso durante procedimento conforme descrição comercial — confirmar rótulo","Presença comercial no Brasil confirmada por distribuidor; volume e ativos publicados pelo distribuidor","Equipa Art — Jelly 730 g","família/modelo","Fonte técnica modelada","vaselina/manteiga; lubrificante de processo","vaselina jelly","tattoo jelly","999","999","00099"